Workbook
Name NEW_BLOCK_TEMPLATE: 'Pull Sheet'!$S$5:$W$36

Sheet Pull Sheet
A1: LED PULL SHEET
A2: SHOW: | D2: DATE:
A3: ENGINEER: | D3: REV:
A5: POSITION 1 | G5: POSITION 2 | M5: POSITION 3 | S5: NEW POSITION | U5: < copy to add a position >
A6: Cable Type | B6: Length | C6: Qty | D6: Label | E6: Notes | G6: Cable Type | H6: Length | I6: Qty | J6: Label | K6: Notes | M6: Cable Type | N6: Length | O6: Qty | P6: Label | Q6: Notes | S6: Cable Type | T6: Length | U6: Qty | V6: Label | W6: Notes

Sheet Spares
A1: SPARES
A2: Auto-built from the Pull Sheet. Only shows what you actually have. Rounded up.
A3: SPARE %: | B3: 0.1 | C3: < change this, everything updates
A5: Cable Type | B5: Length | C5: Needed | D5: Spares
A6: =IF($F6="","",LEFT($F6,FIND("|",$F6)-1)) | B6: =IF($F6="","",MID($F6,FIND("|",$F6)+1,50)) | C6: =IF($F6="","",SUMIF(calc!$A:$A,$F6,calc!$C:$C)) | D6: =IF($F6="","",ROUNDUP($C6*$B$3,0)) | F6: {=IFERROR(INDEX(calc!$A:$A,MATCH(1,calc!$E:$E,0)),"")}
A7: =IF($F7="","",LEFT($F7,FIND("|",$F7)-1)) | B7: =IF($F7="","",MID($F7,FIND("|",$F7)+1,50)) | C7: =IF($F7="","",SUMIF(calc!$A:$A,$F7,calc!$C:$C)) | D7: =IF($F7="","",ROUNDUP($C7*$B$3,0)) | F7: {=IFERROR(INDEX(calc!$A:$A,MATCH(2,calc!$E:$E,0)),"")}
A8: =IF($F8="","",LEFT($F8,FIND("|",$F8)-1)) | B8: =IF($F8="","",MID($F8,FIND("|",$F8)+1,50)) | C8: =IF($F8="","",SUMIF(calc!$A:$A,$F8,calc!$C:$C)) | D8: =IF($F8="","",ROUNDUP($C8*$B$3,0)) | F8: {=IFERROR(INDEX(calc!$A:$A,MATCH(3,calc!$E:$E,0)),"")}
A9: =IF($F9="","",LEFT($F9,FIND("|",$F9)-1)) | B9: =IF($F9="","",MID($F9,FIND("|",$F9)+1,50)) | C9: =IF($F9="","",SUMIF(calc!$A:$A,$F9,calc!$C:$C)) | D9: =IF($F9="","",ROUNDUP($C9*$B$3,0)) | F9: {=IFERROR(INDEX(calc!$A:$A,MATCH(4,calc!$E:$E,0)),"")}
A10: =IF($F10="","",LEFT($F10,FIND("|",$F10)-1)) | B10: =IF($F10="","",MID($F10,FIND("|",$F10)+1,50)) | C10: =IF($F10="","",SUMIF(calc!$A:$A,$F10,calc!$C:$C)) | D10: =IF($F10="","",ROUNDUP($C10*$B$3,0)) | F10: {=IFERROR(INDEX(calc!$A:$A,MATCH(5,calc!$E:$E,0)),"")}
A11: =IF($F11="","",LEFT($F11,FIND("|",$F11)-1)) | B11: =IF($F11="","",MID($F11,FIND("|",$F11)+1,50)) | C11: =IF($F11="","",SUMIF(calc!$A:$A,$F11,calc!$C:$C)) | D11: =IF($F11="","",ROUNDUP($C11*$B$3,0)) | F11: {=IFERROR(INDEX(calc!$A:$A,MATCH(6,calc!$E:$E,0)),"")}
A12: =IF($F12="","",LEFT($F12,FIND("|",$F12)-1)) | B12: =IF($F12="","",MID($F12,FIND("|",$F12)+1,50)) | C12: =IF($F12="","",SUMIF(calc!$A:$A,$F12,calc!$C:$C)) | D12: =IF($F12="","",ROUNDUP($C12*$B$3,0)) | F12: {=IFERROR(INDEX(calc!$A:$A,MATCH(7,calc!$E:$E,0)),"")}
A13: =IF($F13="","",LEFT($F13,FIND("|",$F13)-1)) | B13: =IF($F13="","",MID($F13,FIND("|",$F13)+1,50)) | C13: =IF($F13="","",SUMIF(calc!$A:$A,$F13,calc!$C:$C)) | D13: =IF($F13="","",ROUNDUP($C13*$B$3,0)) | F13: {=IFERROR(INDEX(calc!$A:$A,MATCH(8,calc!$E:$E,0)),"")}
A14: =IF($F14="","",LEFT($F14,FIND("|",$F14)-1)) | B14: =IF($F14="","",MID($F14,FIND("|",$F14)+1,50)) | C14: =IF($F14="","",SUMIF(calc!$A:$A,$F14,calc!$C:$C)) | D14: =IF($F14="","",ROUNDUP($C14*$B$3,0)) | F14: {=IFERROR(INDEX(calc!$A:$A,MATCH(9,calc!$E:$E,0)),"")}
A15: =IF($F15="","",LEFT($F15,FIND("|",$F15)-1)) | B15: =IF($F15="","",MID($F15,FIND("|",$F15)+1,50)) | C15: =IF($F15="","",SUMIF(calc!$A:$A,$F15,calc!$C:$C)) | D15: =IF($F15="","",ROUNDUP($C15*$B$3,0)) | F15: {=IFERROR(INDEX(calc!$A:$A,MATCH(10,calc!$E:$E,0)),"")}
A16: =IF($F16="","",LEFT($F16,FIND("|",$F16)-1)) | B16: =IF($F16="","",MID($F16,FIND("|",$F16)+1,50)) | C16: =IF($F16="","",SUMIF(calc!$A:$A,$F16,calc!$C:$C)) | D16: =IF($F16="","",ROUNDUP($C16*$B$3,0)) | F16: {=IFERROR(INDEX(calc!$A:$A,MATCH(11,calc!$E:$E,0)),"")}
A17: =IF($F17="","",LEFT($F17,FIND("|",$F17)-1)) | B17: =IF($F17="","",MID($F17,FIND("|",$F17)+1,50)) | C17: =IF($F17="","",SUMIF(calc!$A:$A,$F17,calc!$C:$C)) | D17: =IF($F17="","",ROUNDUP($C17*$B$3,0)) | F17: {=IFERROR(INDEX(calc!$A:$A,MATCH(12,calc!$E:$E,0)),"")}
A18: =IF($F18="","",LEFT($F18,FIND("|",$F18)-1)) | B18: =IF($F18="","",MID($F18,FIND("|",$F18)+1,50)) | C18: =IF($F18="","",SUMIF(calc!$A:$A,$F18,calc!$C:$C)) | D18: =IF($F18="","",ROUNDUP($C18*$B$3,0)) | F18: {=IFERROR(INDEX(calc!$A:$A,MATCH(13,calc!$E:$E,0)),"")}
A19: =IF($F19="","",LEFT($F19,FIND("|",$F19)-1)) | B19: =IF($F19="","",MID($F19,FIND("|",$F19)+1,50)) | C19: =IF($F19="","",SUMIF(calc!$A:$A,$F19,calc!$C:$C)) | D19: =IF($F19="","",ROUNDUP($C19*$B$3,0)) | F19: {=IFERROR(INDEX(calc!$A:$A,MATCH(14,calc!$E:$E,0)),"")}
A20: =IF($F20="","",LEFT($F20,FIND("|",$F20)-1)) | B20: =IF($F20="","",MID($F20,FIND("|",$F20)+1,50)) | C20: =IF($F20="","",SUMIF(calc!$A:$A,$F20,calc!$C:$C)) | D20: =IF($F20="","",ROUNDUP($C20*$B$3,0)) | F20: {=IFERROR(INDEX(calc!$A:$A,MATCH(15,calc!$E:$E,0)),"")}
A21: =IF($F21="","",LEFT($F21,FIND("|",$F21)-1)) | B21: =IF($F21="","",MID($F21,FIND("|",$F21)+1,50)) | C21: =IF($F21="","",SUMIF(calc!$A:$A,$F21,calc!$C:$C)) | D21: =IF($F21="","",ROUNDUP($C21*$B$3,0)) | F21: {=IFERROR(INDEX(calc!$A:$A,MATCH(16,calc!$E:$E,0)),"")}
A22: =IF($F22="","",LEFT($F22,FIND("|",$F22)-1)) | B22: =IF($F22="","",MID($F22,FIND("|",$F22)+1,50)) | C22: =IF($F22="","",SUMIF(calc!$A:$A,$F22,calc!$C:$C)) | D22: =IF($F22="","",ROUNDUP($C22*$B$3,0)) | F22: {=IFERROR(INDEX(calc!$A:$A,MATCH(17,calc!$E:$E,0)),"")}
A23: =IF($F23="","",LEFT($F23,FIND("|",$F23)-1)) | B23: =IF($F23="","",MID($F23,FIND("|",$F23)+1,50)) | C23: =IF($F23="","",SUMIF(calc!$A:$A,$F23,calc!$C:$C)) | D23: =IF($F23="","",ROUNDUP($C23*$B$3,0)) | F23: {=IFERROR(INDEX(calc!$A:$A,MATCH(18,calc!$E:$E,0)),"")}
A24: =IF($F24="","",LEFT($F24,FIND("|",$F24)-1)) | B24: =IF($F24="","",MID($F24,FIND("|",$F24)+1,50)) | C24: =IF($F24="","",SUMIF(calc!$A:$A,$F24,calc!$C:$C)) | D24: =IF($F24="","",ROUNDUP($C24*$B$3,0)) | F24: {=IFERROR(INDEX(calc!$A:$A,MATCH(19,calc!$E:$E,0)),"")}
A25: =IF($F25="","",LEFT($F25,FIND("|",$F25)-1)) | B25: =IF($F25="","",MID($F25,FIND("|",$F25)+1,50)) | C25: =IF($F25="","",SUMIF(calc!$A:$A,$F25,calc!$C:$C)) | D25: =IF($F25="","",ROUNDUP($C25*$B$3,0)) | F25: {=IFERROR(INDEX(calc!$A:$A,MATCH(20,calc!$E:$E,0)),"")}
A26: =IF($F26="","",LEFT($F26,FIND("|",$F26)-1)) | B26: =IF($F26="","",MID($F26,FIND("|",$F26)+1,50)) | C26: =IF($F26="","",SUMIF(calc!$A:$A,$F26,calc!$C:$C)) | D26: =IF($F26="","",ROUNDUP($C26*$B$3,0)) | F26: {=IFERROR(INDEX(calc!$A:$A,MATCH(21,calc!$E:$E,0)),"")}
A27: =IF($F27="","",LEFT($F27,FIND("|",$F27)-1)) | B27: =IF($F27="","",MID($F27,FIND("|",$F27)+1,50)) | C27: =IF($F27="","",SUMIF(calc!$A:$A,$F27,calc!$C:$C)) | D27: =IF($F27="","",ROUNDUP($C27*$B$3,0)) | F27: {=IFERROR(INDEX(calc!$A:$A,MATCH(22,calc!$E:$E,0)),"")}
A28: =IF($F28="","",LEFT($F28,FIND("|",$F28)-1)) | B28: =IF($F28="","",MID($F28,FIND("|",$F28)+1,50)) | C28: =IF($F28="","",SUMIF(calc!$A:$A,$F28,calc!$C:$C)) | D28: =IF($F28="","",ROUNDUP($C28*$B$3,0)) | F28: {=IFERROR(INDEX(calc!$A:$A,MATCH(23,calc!$E:$E,0)),"")}
A29: =IF($F29="","",LEFT($F29,FIND("|",$F29)-1)) | B29: =IF($F29="","",MID($F29,FIND("|",$F29)+1,50)) | C29: =IF($F29="","",SUMIF(calc!$A:$A,$F29,calc!$C:$C)) | D29: =IF($F29="","",ROUNDUP($C29*$B$3,0)) | F29: {=IFERROR(INDEX(calc!$A:$A,MATCH(24,calc!$E:$E,0)),"")}
A30: =IF($F30="","",LEFT($F30,FIND("|",$F30)-1)) | B30: =IF($F30="","",MID($F30,FIND("|",$F30)+1,50)) | C30: =IF($F30="","",SUMIF(calc!$A:$A,$F30,calc!$C:$C)) | D30: =IF($F30="","",ROUNDUP($C30*$B$3,0)) | F30: {=IFERROR(INDEX(calc!$A:$A,MATCH(25,calc!$E:$E,0)),"")}
A31: =IF($F31="","",LEFT($F31,FIND("|",$F31)-1)) | B31: =IF($F31="","",MID($F31,FIND("|",$F31)+1,50)) | C31: =IF($F31="","",SUMIF(calc!$A:$A,$F31,calc!$C:$C)) | D31: =IF($F31="","",ROUNDUP($C31*$B$3,0)) | F31: {=IFERROR(INDEX(calc!$A:$A,MATCH(26,calc!$E:$E,0)),"")}
A32: =IF($F32="","",LEFT($F32,FIND("|",$F32)-1)) | B32: =IF($F32="","",MID($F32,FIND("|",$F32)+1,50)) | C32: =IF($F32="","",SUMIF(calc!$A:$A,$F32,calc!$C:$C)) | D32: =IF($F32="","",ROUNDUP($C32*$B$3,0)) | F32: {=IFERROR(INDEX(calc!$A:$A,MATCH(27,calc!$E:$E,0)),"")}
A33: =IF($F33="","",LEFT($F33,FIND("|",$F33)-1)) | B33: =IF($F33="","",MID($F33,FIND("|",$F33)+1,50)) | C33: =IF($F33="","",SUMIF(calc!$A:$A,$F33,calc!$C:$C)) | D33: =IF($F33="","",ROUNDUP($C33*$B$3,0)) | F33: {=IFERROR(INDEX(calc!$A:$A,MATCH(28,calc!$E:$E,0)),"")}
A34: =IF($F34="","",LEFT($F34,FIND("|",$F34)-1)) | B34: =IF($F34="","",MID($F34,FIND("|",$F34)+1,50)) | C34: =IF($F34="","",SUMIF(calc!$A:$A,$F34,calc!$C:$C)) | D34: =IF($F34="","",ROUNDUP($C34*$B$3,0)) | F34: {=IFERROR(INDEX(calc!$A:$A,MATCH(29,calc!$E:$E,0)),"")}
A35: =IF($F35="","",LEFT($F35,FIND("|",$F35)-1)) | B35: =IF($F35="","",MID($F35,FIND("|",$F35)+1,50)) | C35: =IF($F35="","",SUMIF(calc!$A:$A,$F35,calc!$C:$C)) | D35: =IF($F35="","",ROUNDUP($C35*$B$3,0)) | F35: {=IFERROR(INDEX(calc!$A:$A,MATCH(30,calc!$E:$E,0)),"")}
A36: =IF($F36="","",LEFT($F36,FIND("|",$F36)-1)) | B36: =IF($F36="","",MID($F36,FIND("|",$F36)+1,50)) | C36: =IF($F36="","",SUMIF(calc!$A:$A,$F36,calc!$C:$C)) | D36: =IF($F36="","",ROUNDUP($C36*$B$3,0)) | F36: {=IFERROR(INDEX(calc!$A:$A,MATCH(31,calc!$E:$E,0)),"")}
A37: =IF($F37="","",LEFT($F37,FIND("|",$F37)-1)) | B37: =IF($F37="","",MID($F37,FIND("|",$F37)+1,50)) | C37: =IF($F37="","",SUMIF(calc!$A:$A,$F37,calc!$C:$C)) | D37: =IF($F37="","",ROUNDUP($C37*$B$3,0)) | F37: {=IFERROR(INDEX(calc!$A:$A,MATCH(32,calc!$E:$E,0)),"")}
A38: =IF($F38="","",LEFT($F38,FIND("|",$F38)-1)) | B38: =IF($F38="","",MID($F38,FIND("|",$F38)+1,50)) | C38: =IF($F38="","",SUMIF(calc!$A:$A,$F38,calc!$C:$C)) | D38: =IF($F38="","",ROUNDUP($C38*$B$3,0)) | F38: {=IFERROR(INDEX(calc!$A:$A,MATCH(33,calc!$E:$E,0)),"")}
A39: =IF($F39="","",LEFT($F39,FIND("|",$F39)-1)) | B39: =IF($F39="","",MID($F39,FIND("|",$F39)+1,50)) | C39: =IF($F39="","",SUMIF(calc!$A:$A,$F39,calc!$C:$C)) | D39: =IF($F39="","",ROUNDUP($C39*$B$3,0)) | F39: {=IFERROR(INDEX(calc!$A:$A,MATCH(34,calc!$E:$E,0)),"")}
A40: =IF($F40="","",LEFT($F40,FIND("|",$F40)-1)) | B40: =IF($F40="","",MID($F40,FIND("|",$F40)+1,50)) | C40: =IF($F40="","",SUMIF(calc!$A:$A,$F40,calc!$C:$C)) | D40: =IF($F40="","",ROUNDUP($C40*$B$3,0)) | F40: {=IFERROR(INDEX(calc!$A:$A,MATCH(35,calc!$E:$E,0)),"")}
A41: =IF($F41="","",LEFT($F41,FIND("|",$F41)-1)) | B41: =IF($F41="","",MID($F41,FIND("|",$F41)+1,50)) | C41: =IF($F41="","",SUMIF(calc!$A:$A,$F41,calc!$C:$C)) | D41: =IF($F41="","",ROUNDUP($C41*$B$3,0)) | F41: {=IFERROR(INDEX(calc!$A:$A,MATCH(36,calc!$E:$E,0)),"")}
A42: =IF($F42="","",LEFT($F42,FIND("|",$F42)-1)) | B42: =IF($F42="","",MID($F42,FIND("|",$F42)+1,50)) | C42: =IF($F42="","",SUMIF(calc!$A:$A,$F42,calc!$C:$C)) | D42: =IF($F42="","",ROUNDUP($C42*$B$3,0)) | F42: {=IFERROR(INDEX(calc!$A:$A,MATCH(37,calc!$E:$E,0)),"")}
A43: =IF($F43="","",LEFT($F43,FIND("|",$F43)-1)) | B43: =IF($F43="","",MID($F43,FIND("|",$F43)+1,50)) | C43: =IF($F43="","",SUMIF(calc!$A:$A,$F43,calc!$C:$C)) | D43: =IF($F43="","",ROUNDUP($C43*$B$3,0)) | F43: {=IFERROR(INDEX(calc!$A:$A,MATCH(38,calc!$E:$E,0)),"")}
A44: =IF($F44="","",LEFT($F44,FIND("|",$F44)-1)) | B44: =IF($F44="","",MID($F44,FIND("|",$F44)+1,50)) | C44: =IF($F44="","",SUMIF(calc!$A:$A,$F44,calc!$C:$C)) | D44: =IF($F44="","",ROUNDUP($C44*$B$3,0)) | F44: {=IFERROR(INDEX(calc!$A:$A,MATCH(39,calc!$E:$E,0)),"")}
A45: =IF($F45="","",LEFT($F45,FIND("|",$F45)-1)) | B45: =IF($F45="","",MID($F45,FIND("|",$F45)+1,50)) | C45: =IF($F45="","",SUMIF(calc!$A:$A,$F45,calc!$C:$C)) | D45: =IF($F45="","",ROUNDUP($C45*$B$3,0)) | F45: {=IFERROR(INDEX(calc!$A:$A,MATCH(40,calc!$E:$E,0)),"")}
A46: =IF($F46="","",LEFT($F46,FIND("|",$F46)-1)) | B46: =IF($F46="","",MID($F46,FIND("|",$F46)+1,50)) | C46: =IF($F46="","",SUMIF(calc!$A:$A,$F46,calc!$C:$C)) | D46: =IF($F46="","",ROUNDUP($C46*$B$3,0)) | F46: {=IFERROR(INDEX(calc!$A:$A,MATCH(41,calc!$E:$E,0)),"")}
A47: =IF($F47="","",LEFT($F47,FIND("|",$F47)-1)) | B47: =IF($F47="","",MID($F47,FIND("|",$F47)+1,50)) | C47: =IF($F47="","",SUMIF(calc!$A:$A,$F47,calc!$C:$C)) | D47: =IF($F47="","",ROUNDUP($C47*$B$3,0)) | F47: {=IFERROR(INDEX(calc!$A:$A,MATCH(42,calc!$E:$E,0)),"")}
A48: =IF($F48="","",LEFT($F48,FIND("|",$F48)-1)) | B48: =IF($F48="","",MID($F48,FIND("|",$F48)+1,50)) | C48: =IF($F48="","",SUMIF(calc!$A:$A,$F48,calc!$C:$C)) | D48: =IF($F48="","",ROUNDUP($C48*$B$3,0)) | F48: {=IFERROR(INDEX(calc!$A:$A,MATCH(43,calc!$E:$E,0)),"")}
A49: =IF($F49="","",LEFT($F49,FIND("|",$F49)-1)) | B49: =IF($F49="","",MID($F49,FIND("|",$F49)+1,50)) | C49: =IF($F49="","",SUMIF(calc!$A:$A,$F49,calc!$C:$C)) | D49: =IF($F49="","",ROUNDUP($C49*$B$3,0)) | F49: {=IFERROR(INDEX(calc!$A:$A,MATCH(44,calc!$E:$E,0)),"")}
A50: =IF($F50="","",LEFT($F50,FIND("|",$F50)-1)) | B50: =IF($F50="","",MID($F50,FIND("|",$F50)+1,50)) | C50: =IF($F50="","",SUMIF(calc!$A:$A,$F50,calc!$C:$C)) | D50: =IF($F50="","",ROUNDUP($C50*$B$3,0)) | F50: {=IFERROR(INDEX(calc!$A:$A,MATCH(45,calc!$E:$E,0)),"")}
A51: =IF($F51="","",LEFT($F51,FIND("|",$F51)-1)) | B51: =IF($F51="","",MID($F51,FIND("|",$F51)+1,50)) | C51: =IF($F51="","",SUMIF(calc!$A:$A,$F51,calc!$C:$C)) | D51: =IF($F51="","",ROUNDUP($C51*$B$3,0)) | F51: {=IFERROR(INDEX(calc!$A:$A,MATCH(46,calc!$E:$E,0)),"")}
A52: =IF($F52="","",LEFT($F52,FIND("|",$F52)-1)) | B52: =IF($F52="","",MID($F52,FIND("|",$F52)+1,50)) | C52: =IF($F52="","",SUMIF(calc!$A:$A,$F52,calc!$C:$C)) | D52: =IF($F52="","",ROUNDUP($C52*$B$3,0)) | F52: {=IFERROR(INDEX(calc!$A:$A,MATCH(47,calc!$E:$E,0)),"")}
A53: =IF($F53="","",LEFT($F53,FIND("|",$F53)-1)) | B53: =IF($F53="","",MID($F53,FIND("|",$F53)+1,50)) | C53: =IF($F53="","",SUMIF(calc!$A:$A,$F53,calc!$C:$C)) | D53: =IF($F53="","",ROUNDUP($C53*$B$3,0)) | F53: {=IFERROR(INDEX(calc!$A:$A,MATCH(48,calc!$E:$E,0)),"")}
A54: =IF($F54="","",LEFT($F54,FIND("|",$F54)-1)) | B54: =IF($F54="","",MID($F54,FIND("|",$F54)+1,50)) | C54: =IF($F54="","",SUMIF(calc!$A:$A,$F54,calc!$C:$C)) | D54: =IF($F54="","",ROUNDUP($C54*$B$3,0)) | F54: {=IFERROR(INDEX(calc!$A:$A,MATCH(49,calc!$E:$E,0)),"")}
A55: =IF($F55="","",LEFT($F55,FIND("|",$F55)-1)) | B55: =IF($F55="","",MID($F55,FIND("|",$F55)+1,50)) | C55: =IF($F55="","",SUMIF(calc!$A:$A,$F55,calc!$C:$C)) | D55: =IF($F55="","",ROUNDUP($C55*$B$3,0)) | F55: {=IFERROR(INDEX(calc!$A:$A,MATCH(50,calc!$E:$E,0)),"")}
A56: =IF($F56="","",LEFT($F56,FIND("|",$F56)-1)) | B56: =IF($F56="","",MID($F56,FIND("|",$F56)+1,50)) | C56: =IF($F56="","",SUMIF(calc!$A:$A,$F56,calc!$C:$C)) | D56: =IF($F56="","",ROUNDUP($C56*$B$3,0)) | F56: {=IFERROR(INDEX(calc!$A:$A,MATCH(51,calc!$E:$E,0)),"")}
A57: =IF($F57="","",LEFT($F57,FIND("|",$F57)-1)) | B57: =IF($F57="","",MID($F57,FIND("|",$F57)+1,50)) | C57: =IF($F57="","",SUMIF(calc!$A:$A,$F57,calc!$C:$C)) | D57: =IF($F57="","",ROUNDUP($C57*$B$3,0)) | F57: {=IFERROR(INDEX(calc!$A:$A,MATCH(52,calc!$E:$E,0)),"")}
A58: =IF($F58="","",LEFT($F58,FIND("|",$F58)-1)) | B58: =IF($F58="","",MID($F58,FIND("|",$F58)+1,50)) | C58: =IF($F58="","",SUMIF(calc!$A:$A,$F58,calc!$C:$C)) | D58: =IF($F58="","",ROUNDUP($C58*$B$3,0)) | F58: {=IFERROR(INDEX(calc!$A:$A,MATCH(53,calc!$E:$E,0)),"")}
A59: =IF($F59="","",LEFT($F59,FIND("|",$F59)-1)) | B59: =IF($F59="","",MID($F59,FIND("|",$F59)+1,50)) | C59: =IF($F59="","",SUMIF(calc!$A:$A,$F59,calc!$C:$C)) | D59: =IF($F59="","",ROUNDUP($C59*$B$3,0)) | F59: {=IFERROR(INDEX(calc!$A:$A,MATCH(54,calc!$E:$E,0)),"")}
A60: =IF($F60="","",LEFT($F60,FIND("|",$F60)-1)) | B60: =IF($F60="","",MID($F60,FIND("|",$F60)+1,50)) | C60: =IF($F60="","",SUMIF(calc!$A:$A,$F60,calc!$C:$C)) | D60: =IF($F60="","",ROUNDUP($C60*$B$3,0)) | F60: {=IFERROR(INDEX(calc!$A:$A,MATCH(55,calc!$E:$E,0)),"")}
A61: =IF($F61="","",LEFT($F61,FIND("|",$F61)-1)) | B61: =IF($F61="","",MID($F61,FIND("|",$F61)+1,50)) | C61: =IF($F61="","",SUMIF(calc!$A:$A,$F61,calc!$C:$C)) | D61: =IF($F61="","",ROUNDUP($C61*$B$3,0)) | F61: {=IFERROR(INDEX(calc!$A:$A,MATCH(56,calc!$E:$E,0)),"")}
A62: =IF($F62="","",LEFT($F62,FIND("|",$F62)-1)) | B62: =IF($F62="","",MID($F62,FIND("|",$F62)+1,50)) | C62: =IF($F62="","",SUMIF(calc!$A:$A,$F62,calc!$C:$C)) | D62: =IF($F62="","",ROUNDUP($C62*$B$3,0)) | F62: {=IFERROR(INDEX(calc!$A:$A,MATCH(57,calc!$E:$E,0)),"")}
A63: =IF($F63="","",LEFT($F63,FIND("|",$F63)-1)) | B63: =IF($F63="","",MID($F63,FIND("|",$F63)+1,50)) | C63: =IF($F63="","",SUMIF(calc!$A:$A,$F63,calc!$C:$C)) | D63: =IF($F63="","",ROUNDUP($C63*$B$3,0)) | F63: {=IFERROR(INDEX(calc!$A:$A,MATCH(58,calc!$E:$E,0)),"")}
A64: =IF($F64="","",LEFT($F64,FIND("|",$F64)-1)) | B64: =IF($F64="","",MID($F64,FIND("|",$F64)+1,50)) | C64: =IF($F64="","",SUMIF(calc!$A:$A,$F64,calc!$C:$C)) | D64: =IF($F64="","",ROUNDUP($C64*$B$3,0)) | F64: {=IFERROR(INDEX(calc!$A:$A,MATCH(59,calc!$E:$E,0)),"")}
A65: =IF($F65="","",LEFT($F65,FIND("|",$F65)-1)) | B65: =IF($F65="","",MID($F65,FIND("|",$F65)+1,50)) | C65: =IF($F65="","",SUMIF(calc!$A:$A,$F65,calc!$C:$C)) | D65: =IF($F65="","",ROUNDUP($C65*$B$3,0)) | F65: {=IFERROR(INDEX(calc!$A:$A,MATCH(60,calc!$E:$E,0)),"")}
A66: =IF($F66="","",LEFT($F66,FIND("|",$F66)-1)) | B66: =IF($F66="","",MID($F66,FIND("|",$F66)+1,50)) | C66: =IF($F66="","",SUMIF(calc!$A:$A,$F66,calc!$C:$C)) | D66: =IF($F66="","",ROUNDUP($C66*$B$3,0)) | F66: {=IFERROR(INDEX(calc!$A:$A,MATCH(61,calc!$E:$E,0)),"")}
A67: =IF($F67="","",LEFT($F67,FIND("|",$F67)-1)) | B67: =IF($F67="","",MID($F67,FIND("|",$F67)+1,50)) | C67: =IF($F67="","",SUMIF(calc!$A:$A,$F67,calc!$C:$C)) | D67: =IF($F67="","",ROUNDUP($C67*$B$3,0)) | F67: {=IFERROR(INDEX(calc!$A:$A,MATCH(62,calc!$E:$E,0)),"")}
A68: =IF($F68="","",LEFT($F68,FIND("|",$F68)-1)) | B68: =IF($F68="","",MID($F68,FIND("|",$F68)+1,50)) | C68: =IF($F68="","",SUMIF(calc!$A:$A,$F68,calc!$C:$C)) | D68: =IF($F68="","",ROUNDUP($C68*$B$3,0)) | F68: {=IFERROR(INDEX(calc!$A:$A,MATCH(63,calc!$E:$E,0)),"")}
A69: =IF($F69="","",LEFT($F69,FIND("|",$F69)-1)) | B69: =IF($F69="","",MID($F69,FIND("|",$F69)+1,50)) | C69: =IF($F69="","",SUMIF(calc!$A:$A,$F69,calc!$C:$C)) | D69: =IF($F69="","",ROUNDUP($C69*$B$3,0)) | F69: {=IFERROR(INDEX(calc!$A:$A,MATCH(64,calc!$E:$E,0)),"")}
A70: =IF($F70="","",LEFT($F70,FIND("|",$F70)-1)) | B70: =IF($F70="","",MID($F70,FIND("|",$F70)+1,50)) | C70: =IF($F70="","",SUMIF(calc!$A:$A,$F70,calc!$C:$C)) | D70: =IF($F70="","",ROUNDUP($C70*$B$3,0)) | F70: {=IFERROR(INDEX(calc!$A:$A,MATCH(65,calc!$E:$E,0)),"")}
A71: =IF($F71="","",LEFT($F71,FIND("|",$F71)-1)) | B71: =IF($F71="","",MID($F71,FIND("|",$F71)+1,50)) | C71: =IF($F71="","",SUMIF(calc!$A:$A,$F71,calc!$C:$C)) | D71: =IF($F71="","",ROUNDUP($C71*$B$3,0)) | F71: {=IFERROR(INDEX(calc!$A:$A,MATCH(66,calc!$E:$E,0)),"")}
A72: =IF($F72="","",LEFT($F72,FIND("|",$F72)-1)) | B72: =IF($F72="","",MID($F72,FIND("|",$F72)+1,50)) | C72: =IF($F72="","",SUMIF(calc!$A:$A,$F72,calc!$C:$C)) | D72: =IF($F72="","",ROUNDUP($C72*$B$3,0)) | F72: {=IFERROR(INDEX(calc!$A:$A,MATCH(67,calc!$E:$E,0)),"")}
A73: =IF($F73="","",LEFT($F73,FIND("|",$F73)-1)) | B73: =IF($F73="","",MID($F73,FIND("|",$F73)+1,50)) | C73: =IF($F73="","",SUMIF(calc!$A:$A,$F73,calc!$C:$C)) | D73: =IF($F73="","",ROUNDUP($C73*$B$3,0)) | F73: {=IFERROR(INDEX(calc!$A:$A,MATCH(68,calc!$E:$E,0)),"")}
A74: =IF($F74="","",LEFT($F74,FIND("|",$F74)-1)) | B74: =IF($F74="","",MID($F74,FIND("|",$F74)+1,50)) | C74: =IF($F74="","",SUMIF(calc!$A:$A,$F74,calc!$C:$C)) | D74: =IF($F74="","",ROUNDUP($C74*$B$3,0)) | F74: {=IFERROR(INDEX(calc!$A:$A,MATCH(69,calc!$E:$E,0)),"")}
A75: =IF($F75="","",LEFT($F75,FIND("|",$F75)-1)) | B75: =IF($F75="","",MID($F75,FIND("|",$F75)+1,50)) | C75: =IF($F75="","",SUMIF(calc!$A:$A,$F75,calc!$C:$C)) | D75: =IF($F75="","",ROUNDUP($C75*$B$3,0)) | F75: {=IFERROR(INDEX(calc!$A:$A,MATCH(70,calc!$E:$E,0)),"")}
A76: =IF($F76="","",LEFT($F76,FIND("|",$F76)-1)) | B76: =IF($F76="","",MID($F76,FIND("|",$F76)+1,50)) | C76: =IF($F76="","",SUMIF(calc!$A:$A,$F76,calc!$C:$C)) | D76: =IF($F76="","",ROUNDUP($C76*$B$3,0)) | F76: {=IFERROR(INDEX(calc!$A:$A,MATCH(71,calc!$E:$E,0)),"")}
A77: =IF($F77="","",LEFT($F77,FIND("|",$F77)-1)) | B77: =IF($F77="","",MID($F77,FIND("|",$F77)+1,50)) | C77: =IF($F77="","",SUMIF(calc!$A:$A,$F77,calc!$C:$C)) | D77: =IF($F77="","",ROUNDUP($C77*$B$3,0)) | F77: {=IFERROR(INDEX(calc!$A:$A,MATCH(72,calc!$E:$E,0)),"")}
A78: =IF($F78="","",LEFT($F78,FIND("|",$F78)-1)) | B78: =IF($F78="","",MID($F78,FIND("|",$F78)+1,50)) | C78: =IF($F78="","",SUMIF(calc!$A:$A,$F78,calc!$C:$C)) | D78: =IF($F78="","",ROUNDUP($C78*$B$3,0)) | F78: {=IFERROR(INDEX(calc!$A:$A,MATCH(73,calc!$E:$E,0)),"")}
A79: =IF($F79="","",LEFT($F79,FIND("|",$F79)-1)) | B79: =IF($F79="","",MID($F79,FIND("|",$F79)+1,50)) | C79: =IF($F79="","",SUMIF(calc!$A:$A,$F79,calc!$C:$C)) | D79: =IF($F79="","",ROUNDUP($C79*$B$3,0)) | F79: {=IFERROR(INDEX(calc!$A:$A,MATCH(74,calc!$E:$E,0)),"")}
A80: =IF($F80="","",LEFT($F80,FIND("|",$F80)-1)) | B80: =IF($F80="","",MID($F80,FIND("|",$F80)+1,50)) | C80: =IF($F80="","",SUMIF(calc!$A:$A,$F80,calc!$C:$C)) | D80: =IF($F80="","",ROUNDUP($C80*$B$3,0)) | F80: {=IFERROR(INDEX(calc!$A:$A,MATCH(75,calc!$E:$E,0)),"")}
A81: =IF($F81="","",LEFT($F81,FIND("|",$F81)-1)) | B81: =IF($F81="","",MID($F81,FIND("|",$F81)+1,50)) | C81: =IF($F81="","",SUMIF(calc!$A:$A,$F81,calc!$C:$C)) | D81: =IF($F81="","",ROUNDUP($C81*$B$3,0)) | F81: {=IFERROR(INDEX(calc!$A:$A,MATCH(76,calc!$E:$E,0)),"")}
A82: =IF($F82="","",LEFT($F82,FIND("|",$F82)-1)) | B82: =IF($F82="","",MID($F82,FIND("|",$F82)+1,50)) | C82: =IF($F82="","",SUMIF(calc!$A:$A,$F82,calc!$C:$C)) | D82: =IF($F82="","",ROUNDUP($C82*$B$3,0)) | F82: {=IFERROR(INDEX(calc!$A:$A,MATCH(77,calc!$E:$E,0)),"")}
A83: =IF($F83="","",LEFT($F83,FIND("|",$F83)-1)) | B83: =IF($F83="","",MID($F83,FIND("|",$F83)+1,50)) | C83: =IF($F83="","",SUMIF(calc!$A:$A,$F83,calc!$C:$C)) | D83: =IF($F83="","",ROUNDUP($C83*$B$3,0)) | F83: {=IFERROR(INDEX(calc!$A:$A,MATCH(78,calc!$E:$E,0)),"")}
A84: =IF($F84="","",LEFT($F84,FIND("|",$F84)-1)) | B84: =IF($F84="","",MID($F84,FIND("|",$F84)+1,50)) | C84: =IF($F84="","",SUMIF(calc!$A:$A,$F84,calc!$C:$C)) | D84: =IF($F84="","",ROUNDUP($C84*$B$3,0)) | F84: {=IFERROR(INDEX(calc!$A:$A,MATCH(79,calc!$E:$E,0)),"")}
A85: =IF($F85="","",LEFT($F85,FIND("|",$F85)-1)) | B85: =IF($F85="","",MID($F85,FIND("|",$F85)+1,50)) | C85: =IF($F85="","",SUMIF(calc!$A:$A,$F85,calc!$C:$C)) | D85: =IF($F85="","",ROUNDUP($C85*$B$3,0)) | F85: {=IFERROR(INDEX(calc!$A:$A,MATCH(80,calc!$E:$E,0)),"")}
A86: =IF($F86="","",LEFT($F86,FIND("|",$F86)-1)) | B86: =IF($F86="","",MID($F86,FIND("|",$F86)+1,50)) | C86: =IF($F86="","",SUMIF(calc!$A:$A,$F86,calc!$C:$C)) | D86: =IF($F86="","",ROUNDUP($C86*$B$3,0)) | F86: {=IFERROR(INDEX(calc!$A:$A,MATCH(81,calc!$E:$E,0)),"")}
A87: =IF($F87="","",LEFT($F87,FIND("|",$F87)-1)) | B87: =IF($F87="","",MID($F87,FIND("|",$F87)+1,50)) | C87: =IF($F87="","",SUMIF(calc!$A:$A,$F87,calc!$C:$C)) | D87: =IF($F87="","",ROUNDUP($C87*$B$3,0)) | F87: {=IFERROR(INDEX(calc!$A:$A,MATCH(82,calc!$E:$E,0)),"")}
A88: =IF($F88="","",LEFT($F88,FIND("|",$F88)-1)) | B88: =IF($F88="","",MID($F88,FIND("|",$F88)+1,50)) | C88: =IF($F88="","",SUMIF(calc!$A:$A,$F88,calc!$C:$C)) | D88: =IF($F88="","",ROUNDUP($C88*$B$3,0)) | F88: {=IFERROR(INDEX(calc!$A:$A,MATCH(83,calc!$E:$E,0)),"")}
A89: =IF($F89="","",LEFT($F89,FIND("|",$F89)-1)) | B89: =IF($F89="","",MID($F89,FIND("|",$F89)+1,50)) | C89: =IF($F89="","",SUMIF(calc!$A:$A,$F89,calc!$C:$C)) | D89: =IF($F89="","",ROUNDUP($C89*$B$3,0)) | F89: {=IFERROR(INDEX(calc!$A:$A,MATCH(84,calc!$E:$E,0)),"")}
A90: =IF($F90="","",LEFT($F90,FIND("|",$F90)-1)) | B90: =IF($F90="","",MID($F90,FIND("|",$F90)+1,50)) | C90: =IF($F90="","",SUMIF(calc!$A:$A,$F90,calc!$C:$C)) | D90: =IF($F90="","",ROUNDUP($C90*$B$3,0)) | F90: {=IFERROR(INDEX(calc!$A:$A,MATCH(85,calc!$E:$E,0)),"")}
A91: =IF($F91="","",LEFT($F91,FIND("|",$F91)-1)) | B91: =IF($F91="","",MID($F91,FIND("|",$F91)+1,50)) | C91: =IF($F91="","",SUMIF(calc!$A:$A,$F91,calc!$C:$C)) | D91: =IF($F91="","",ROUNDUP($C91*$B$3,0)) | F91: {=IFERROR(INDEX(calc!$A:$A,MATCH(86,calc!$E:$E,0)),"")}
A92: =IF($F92="","",LEFT($F92,FIND("|",$F92)-1)) | B92: =IF($F92="","",MID($F92,FIND("|",$F92)+1,50)) | C92: =IF($F92="","",SUMIF(calc!$A:$A,$F92,calc!$C:$C)) | D92: =IF($F92="","",ROUNDUP($C92*$B$3,0)) | F92: {=IFERROR(INDEX(calc!$A:$A,MATCH(87,calc!$E:$E,0)),"")}
A93: =IF($F93="","",LEFT($F93,FIND("|",$F93)-1)) | B93: =IF($F93="","",MID($F93,FIND("|",$F93)+1,50)) | C93: =IF($F93="","",SUMIF(calc!$A:$A,$F93,calc!$C:$C)) | D93: =IF($F93="","",ROUNDUP($C93*$B$3,0)) | F93: {=IFERROR(INDEX(calc!$A:$A,MATCH(88,calc!$E:$E,0)),"")}
A94: =IF($F94="","",LEFT($F94,FIND("|",$F94)-1)) | B94: =IF($F94="","",MID($F94,FIND("|",$F94)+1,50)) | C94: =IF($F94="","",SUMIF(calc!$A:$A,$F94,calc!$C:$C)) | D94: =IF($F94="","",ROUNDUP($C94*$B$3,0)) | F94: {=IFERROR(INDEX(calc!$A:$A,MATCH(89,calc!$E:$E,0)),"")}
A95: =IF($F95="","",LEFT($F95,FIND("|",$F95)-1)) | B95: =IF($F95="","",MID($F95,FIND("|",$F95)+1,50)) | C95: =IF($F95="","",SUMIF(calc!$A:$A,$F95,calc!$C:$C)) | D95: =IF($F95="","",ROUNDUP($C95*$B$3,0)) | F95: {=IFERROR(INDEX(calc!$A:$A,MATCH(90,calc!$E:$E,0)),"")}
A96: =IF($F96="","",LEFT($F96,FIND("|",$F96)-1)) | B96: =IF($F96="","",MID($F96,FIND("|",$F96)+1,50)) | C96: =IF($F96="","",SUMIF(calc!$A:$A,$F96,calc!$C:$C)) | D96: =IF($F96="","",ROUNDUP($C96*$B$3,0)) | F96: {=IFERROR(INDEX(calc!$A:$A,MATCH(91,calc!$E:$E,0)),"")}
A97: =IF($F97="","",LEFT($F97,FIND("|",$F97)-1)) | B97: =IF($F97="","",MID($F97,FIND("|",$F97)+1,50)) | C97: =IF($F97="","",SUMIF(calc!$A:$A,$F97,calc!$C:$C)) | D97: =IF($F97="","",ROUNDUP($C97*$B$3,0)) | F97: {=IFERROR(INDEX(calc!$A:$A,MATCH(92,calc!$E:$E,0)),"")}
A98: =IF($F98="","",LEFT($F98,FIND("|",$F98)-1)) | B98: =IF($F98="","",MID($F98,FIND("|",$F98)+1,50)) | C98: =IF($F98="","",SUMIF(calc!$A:$A,$F98,calc!$C:$C)) | D98: =IF($F98="","",ROUNDUP($C98*$B$3,0)) | F98: {=IFERROR(INDEX(calc!$A:$A,MATCH(93,calc!$E:$E,0)),"")}
A99: =IF($F99="","",LEFT($F99,FIND("|",$F99)-1)) | B99: =IF($F99="","",MID($F99,FIND("|",$F99)+1,50)) | C99: =IF($F99="","",SUMIF(calc!$A:$A,$F99,calc!$C:$C)) | D99: =IF($F99="","",ROUNDUP($C99*$B$3,0)) | F99: {=IFERROR(INDEX(calc!$A:$A,MATCH(94,calc!$E:$E,0)),"")}
A100: =IF($F100="","",LEFT($F100,FIND("|",$F100)-1)) | B100: =IF($F100="","",MID($F100,FIND("|",$F100)+1,50)) | C100: =IF($F100="","",SUMIF(calc!$A:$A,$F100,calc!$C:$C)) | D100: =IF($F100="","",ROUNDUP($C100*$B$3,0)) | F100: {=IFERROR(INDEX(calc!$A:$A,MATCH(95,calc!$E:$E,0)),"")}
A101: =IF($F101="","",LEFT($F101,FIND("|",$F101)-1)) | B101: =IF($F101="","",MID($F101,FIND("|",$F101)+1,50)) | C101: =IF($F101="","",SUMIF(calc!$A:$A,$F101,calc!$C:$C)) | D101: =IF($F101="","",ROUNDUP($C101*$B$3,0)) | F101: {=IFERROR(INDEX(calc!$A:$A,MATCH(96,calc!$E:$E,0)),"")}
...

Sheet TOTALS
A1: TOTALS - SHOP PULL
A2: Builds itself from every position on the Pull Sheet. Only lists cables you actually have. Spares = qty x spare %.
A4: Cable Type | B4: Length | C4: Qty | D4: Spares | E4: TOTAL
A5: =IF($H5="","",LEFT($H5,FIND("|",$H5)-1)) | B5: =IF($H5="","",MID($H5,FIND("|",$H5)+1,50)) | C5: =IF($H5="","",SUMIF(calc!$A:$A,$H5,calc!$C:$C)) | D5: =IF($H5="","",ROUNDUP($C5*Spares!$B$3,0)) | E5: =IF($H5="","",$C5+$D5) | H5: {=IFERROR(INDEX(calc!$A:$A,MATCH(1,calc!$E:$E,0)),"")}
A6: =IF($H6="","",LEFT($H6,FIND("|",$H6)-1)) | B6: =IF($H6="","",MID($H6,FIND("|",$H6)+1,50)) | C6: =IF($H6="","",SUMIF(calc!$A:$A,$H6,calc!$C:$C)) | D6: =IF($H6="","",ROUNDUP($C6*Spares!$B$3,0)) | E6: =IF($H6="","",$C6+$D6) | H6: {=IFERROR(INDEX(calc!$A:$A,MATCH(2,calc!$E:$E,0)),"")}
A7: =IF($H7="","",LEFT($H7,FIND("|",$H7)-1)) | B7: =IF($H7="","",MID($H7,FIND("|",$H7)+1,50)) | C7: =IF($H7="","",SUMIF(calc!$A:$A,$H7,calc!$C:$C)) | D7: =IF($H7="","",ROUNDUP($C7*Spares!$B$3,0)) | E7: =IF($H7="","",$C7+$D7) | H7: {=IFERROR(INDEX(calc!$A:$A,MATCH(3,calc!$E:$E,0)),"")}
A8: =IF($H8="","",LEFT($H8,FIND("|",$H8)-1)) | B8: =IF($H8="","",MID($H8,FIND("|",$H8)+1,50)) | C8: =IF($H8="","",SUMIF(calc!$A:$A,$H8,calc!$C:$C)) | D8: =IF($H8="","",ROUNDUP($C8*Spares!$B$3,0)) | E8: =IF($H8="","",$C8+$D8) | H8: {=IFERROR(INDEX(calc!$A:$A,MATCH(4,calc!$E:$E,0)),"")}
A9: =IF($H9="","",LEFT($H9,FIND("|",$H9)-1)) | B9: =IF($H9="","",MID($H9,FIND("|",$H9)+1,50)) | C9: =IF($H9="","",SUMIF(calc!$A:$A,$H9,calc!$C:$C)) | D9: =IF($H9="","",ROUNDUP($C9*Spares!$B$3,0)) | E9: =IF($H9="","",$C9+$D9) | H9: {=IFERROR(INDEX(calc!$A:$A,MATCH(5,calc!$E:$E,0)),"")}
A10: =IF($H10="","",LEFT($H10,FIND("|",$H10)-1)) | B10: =IF($H10="","",MID($H10,FIND("|",$H10)+1,50)) | C10: =IF($H10="","",SUMIF(calc!$A:$A,$H10,calc!$C:$C)) | D10: =IF($H10="","",ROUNDUP($C10*Spares!$B$3,0)) | E10: =IF($H10="","",$C10+$D10) | H10: {=IFERROR(INDEX(calc!$A:$A,MATCH(6,calc!$E:$E,0)),"")}
A11: =IF($H11="","",LEFT($H11,FIND("|",$H11)-1)) | B11: =IF($H11="","",MID($H11,FIND("|",$H11)+1,50)) | C11: =IF($H11="","",SUMIF(calc!$A:$A,$H11,calc!$C:$C)) | D11: =IF($H11="","",ROUNDUP($C11*Spares!$B$3,0)) | E11: =IF($H11="","",$C11+$D11) | H11: {=IFERROR(INDEX(calc!$A:$A,MATCH(7,calc!$E:$E,0)),"")}
A12: =IF($H12="","",LEFT($H12,FIND("|",$H12)-1)) | B12: =IF($H12="","",MID($H12,FIND("|",$H12)+1,50)) | C12: =IF($H12="","",SUMIF(calc!$A:$A,$H12,calc!$C:$C)) | D12: =IF($H12="","",ROUNDUP($C12*Spares!$B$3,0)) | E12: =IF($H12="","",$C12+$D12) | H12: {=IFERROR(INDEX(calc!$A:$A,MATCH(8,calc!$E:$E,0)),"")}
A13: =IF($H13="","",LEFT($H13,FIND("|",$H13)-1)) | B13: =IF($H13="","",MID($H13,FIND("|",$H13)+1,50)) | C13: =IF($H13="","",SUMIF(calc!$A:$A,$H13,calc!$C:$C)) | D13: =IF($H13="","",ROUNDUP($C13*Spares!$B$3,0)) | E13: =IF($H13="","",$C13+$D13) | H13: {=IFERROR(INDEX(calc!$A:$A,MATCH(9,calc!$E:$E,0)),"")}
A14: =IF($H14="","",LEFT($H14,FIND("|",$H14)-1)) | B14: =IF($H14="","",MID($H14,FIND("|",$H14)+1,50)) | C14: =IF($H14="","",SUMIF(calc!$A:$A,$H14,calc!$C:$C)) | D14: =IF($H14="","",ROUNDUP($C14*Spares!$B$3,0)) | E14: =IF($H14="","",$C14+$D14) | H14: {=IFERROR(INDEX(calc!$A:$A,MATCH(10,calc!$E:$E,0)),"")}
A15: =IF($H15="","",LEFT($H15,FIND("|",$H15)-1)) | B15: =IF($H15="","",MID($H15,FIND("|",$H15)+1,50)) | C15: =IF($H15="","",SUMIF(calc!$A:$A,$H15,calc!$C:$C)) | D15: =IF($H15="","",ROUNDUP($C15*Spares!$B$3,0)) | E15: =IF($H15="","",$C15+$D15) | H15: {=IFERROR(INDEX(calc!$A:$A,MATCH(11,calc!$E:$E,0)),"")}
A16: =IF($H16="","",LEFT($H16,FIND("|",$H16)-1)) | B16: =IF($H16="","",MID($H16,FIND("|",$H16)+1,50)) | C16: =IF($H16="","",SUMIF(calc!$A:$A,$H16,calc!$C:$C)) | D16: =IF($H16="","",ROUNDUP($C16*Spares!$B$3,0)) | E16: =IF($H16="","",$C16+$D16) | H16: {=IFERROR(INDEX(calc!$A:$A,MATCH(12,calc!$E:$E,0)),"")}
A17: =IF($H17="","",LEFT($H17,FIND("|",$H17)-1)) | B17: =IF($H17="","",MID($H17,FIND("|",$H17)+1,50)) | C17: =IF($H17="","",SUMIF(calc!$A:$A,$H17,calc!$C:$C)) | D17: =IF($H17="","",ROUNDUP($C17*Spares!$B$3,0)) | E17: =IF($H17="","",$C17+$D17) | H17: {=IFERROR(INDEX(calc!$A:$A,MATCH(13,calc!$E:$E,0)),"")}
A18: =IF($H18="","",LEFT($H18,FIND("|",$H18)-1)) | B18: =IF($H18="","",MID($H18,FIND("|",$H18)+1,50)) | C18: =IF($H18="","",SUMIF(calc!$A:$A,$H18,calc!$C:$C)) | D18: =IF($H18="","",ROUNDUP($C18*Spares!$B$3,0)) | E18: =IF($H18="","",$C18+$D18) | H18: {=IFERROR(INDEX(calc!$A:$A,MATCH(14,calc!$E:$E,0)),"")}
A19: =IF($H19="","",LEFT($H19,FIND("|",$H19)-1)) | B19: =IF($H19="","",MID($H19,FIND("|",$H19)+1,50)) | C19: =IF($H19="","",SUMIF(calc!$A:$A,$H19,calc!$C:$C)) | D19: =IF($H19="","",ROUNDUP($C19*Spares!$B$3,0)) | E19: =IF($H19="","",$C19+$D19) | H19: {=IFERROR(INDEX(calc!$A:$A,MATCH(15,calc!$E:$E,0)),"")}
A20: =IF($H20="","",LEFT($H20,FIND("|",$H20)-1)) | B20: =IF($H20="","",MID($H20,FIND("|",$H20)+1,50)) | C20: =IF($H20="","",SUMIF(calc!$A:$A,$H20,calc!$C:$C)) | D20: =IF($H20="","",ROUNDUP($C20*Spares!$B$3,0)) | E20: =IF($H20="","",$C20+$D20) | H20: {=IFERROR(INDEX(calc!$A:$A,MATCH(16,calc!$E:$E,0)),"")}
A21: =IF($H21="","",LEFT($H21,FIND("|",$H21)-1)) | B21: =IF($H21="","",MID($H21,FIND("|",$H21)+1,50)) | C21: =IF($H21="","",SUMIF(calc!$A:$A,$H21,calc!$C:$C)) | D21: =IF($H21="","",ROUNDUP($C21*Spares!$B$3,0)) | E21: =IF($H21="","",$C21+$D21) | H21: {=IFERROR(INDEX(calc!$A:$A,MATCH(17,calc!$E:$E,0)),"")}
A22: =IF($H22="","",LEFT($H22,FIND("|",$H22)-1)) | B22: =IF($H22="","",MID($H22,FIND("|",$H22)+1,50)) | C22: =IF($H22="","",SUMIF(calc!$A:$A,$H22,calc!$C:$C)) | D22: =IF($H22="","",ROUNDUP($C22*Spares!$B$3,0)) | E22: =IF($H22="","",$C22+$D22) | H22: {=IFERROR(INDEX(calc!$A:$A,MATCH(18,calc!$E:$E,0)),"")}
A23: =IF($H23="","",LEFT($H23,FIND("|",$H23)-1)) | B23: =IF($H23="","",MID($H23,FIND("|",$H23)+1,50)) | C23: =IF($H23="","",SUMIF(calc!$A:$A,$H23,calc!$C:$C)) | D23: =IF($H23="","",ROUNDUP($C23*Spares!$B$3,0)) | E23: =IF($H23="","",$C23+$D23) | H23: {=IFERROR(INDEX(calc!$A:$A,MATCH(19,calc!$E:$E,0)),"")}
A24: =IF($H24="","",LEFT($H24,FIND("|",$H24)-1)) | B24: =IF($H24="","",MID($H24,FIND("|",$H24)+1,50)) | C24: =IF($H24="","",SUMIF(calc!$A:$A,$H24,calc!$C:$C)) | D24: =IF($H24="","",ROUNDUP($C24*Spares!$B$3,0)) | E24: =IF($H24="","",$C24+$D24) | H24: {=IFERROR(INDEX(calc!$A:$A,MATCH(20,calc!$E:$E,0)),"")}
A25: =IF($H25="","",LEFT($H25,FIND("|",$H25)-1)) | B25: =IF($H25="","",MID($H25,FIND("|",$H25)+1,50)) | C25: =IF($H25="","",SUMIF(calc!$A:$A,$H25,calc!$C:$C)) | D25: =IF($H25="","",ROUNDUP($C25*Spares!$B$3,0)) | E25: =IF($H25="","",$C25+$D25) | H25: {=IFERROR(INDEX(calc!$A:$A,MATCH(21,calc!$E:$E,0)),"")}
A26: =IF($H26="","",LEFT($H26,FIND("|",$H26)-1)) | B26: =IF($H26="","",MID($H26,FIND("|",$H26)+1,50)) | C26: =IF($H26="","",SUMIF(calc!$A:$A,$H26,calc!$C:$C)) | D26: =IF($H26="","",ROUNDUP($C26*Spares!$B$3,0)) | E26: =IF($H26="","",$C26+$D26) | H26: {=IFERROR(INDEX(calc!$A:$A,MATCH(22,calc!$E:$E,0)),"")}
A27: =IF($H27="","",LEFT($H27,FIND("|",$H27)-1)) | B27: =IF($H27="","",MID($H27,FIND("|",$H27)+1,50)) | C27: =IF($H27="","",SUMIF(calc!$A:$A,$H27,calc!$C:$C)) | D27: =IF($H27="","",ROUNDUP($C27*Spares!$B$3,0)) | E27: =IF($H27="","",$C27+$D27) | H27: {=IFERROR(INDEX(calc!$A:$A,MATCH(23,calc!$E:$E,0)),"")}
A28: =IF($H28="","",LEFT($H28,FIND("|",$H28)-1)) | B28: =IF($H28="","",MID($H28,FIND("|",$H28)+1,50)) | C28: =IF($H28="","",SUMIF(calc!$A:$A,$H28,calc!$C:$C)) | D28: =IF($H28="","",ROUNDUP($C28*Spares!$B$3,0)) | E28: =IF($H28="","",$C28+$D28) | H28: {=IFERROR(INDEX(calc!$A:$A,MATCH(24,calc!$E:$E,0)),"")}
A29: =IF($H29="","",LEFT($H29,FIND("|",$H29)-1)) | B29: =IF($H29="","",MID($H29,FIND("|",$H29)+1,50)) | C29: =IF($H29="","",SUMIF(calc!$A:$A,$H29,calc!$C:$C)) | D29: =IF($H29="","",ROUNDUP($C29*Spares!$B$3,0)) | E29: =IF($H29="","",$C29+$D29) | H29: {=IFERROR(INDEX(calc!$A:$A,MATCH(25,calc!$E:$E,0)),"")}
A30: =IF($H30="","",LEFT($H30,FIND("|",$H30)-1)) | B30: =IF($H30="","",MID($H30,FIND("|",$H30)+1,50)) | C30: =IF($H30="","",SUMIF(calc!$A:$A,$H30,calc!$C:$C)) | D30: =IF($H30="","",ROUNDUP($C30*Spares!$B$3,0)) | E30: =IF($H30="","",$C30+$D30) | H30: {=IFERROR(INDEX(calc!$A:$A,MATCH(26,calc!$E:$E,0)),"")}
A31: =IF($H31="","",LEFT($H31,FIND("|",$H31)-1)) | B31: =IF($H31="","",MID($H31,FIND("|",$H31)+1,50)) | C31: =IF($H31="","",SUMIF(calc!$A:$A,$H31,calc!$C:$C)) | D31: =IF($H31="","",ROUNDUP($C31*Spares!$B$3,0)) | E31: =IF($H31="","",$C31+$D31) | H31: {=IFERROR(INDEX(calc!$A:$A,MATCH(27,calc!$E:$E,0)),"")}
A32: =IF($H32="","",LEFT($H32,FIND("|",$H32)-1)) | B32: =IF($H32="","",MID($H32,FIND("|",$H32)+1,50)) | C32: =IF($H32="","",SUMIF(calc!$A:$A,$H32,calc!$C:$C)) | D32: =IF($H32="","",ROUNDUP($C32*Spares!$B$3,0)) | E32: =IF($H32="","",$C32+$D32) | H32: {=IFERROR(INDEX(calc!$A:$A,MATCH(28,calc!$E:$E,0)),"")}
A33: =IF($H33="","",LEFT($H33,FIND("|",$H33)-1)) | B33: =IF($H33="","",MID($H33,FIND("|",$H33)+1,50)) | C33: =IF($H33="","",SUMIF(calc!$A:$A,$H33,calc!$C:$C)) | D33: =IF($H33="","",ROUNDUP($C33*Spares!$B$3,0)) | E33: =IF($H33="","",$C33+$D33) | H33: {=IFERROR(INDEX(calc!$A:$A,MATCH(29,calc!$E:$E,0)),"")}
A34: =IF($H34="","",LEFT($H34,FIND("|",$H34)-1)) | B34: =IF($H34="","",MID($H34,FIND("|",$H34)+1,50)) | C34: =IF($H34="","",SUMIF(calc!$A:$A,$H34,calc!$C:$C)) | D34: =IF($H34="","",ROUNDUP($C34*Spares!$B$3,0)) | E34: =IF($H34="","",$C34+$D34) | H34: {=IFERROR(INDEX(calc!$A:$A,MATCH(30,calc!$E:$E,0)),"")}
A35: =IF($H35="","",LEFT($H35,FIND("|",$H35)-1)) | B35: =IF($H35="","",MID($H35,FIND("|",$H35)+1,50)) | C35: =IF($H35="","",SUMIF(calc!$A:$A,$H35,calc!$C:$C)) | D35: =IF($H35="","",ROUNDUP($C35*Spares!$B$3,0)) | E35: =IF($H35="","",$C35+$D35) | H35: {=IFERROR(INDEX(calc!$A:$A,MATCH(31,calc!$E:$E,0)),"")}
A36: =IF($H36="","",LEFT($H36,FIND("|",$H36)-1)) | B36: =IF($H36="","",MID($H36,FIND("|",$H36)+1,50)) | C36: =IF($H36="","",SUMIF(calc!$A:$A,$H36,calc!$C:$C)) | D36: =IF($H36="","",ROUNDUP($C36*Spares!$B$3,0)) | E36: =IF($H36="","",$C36+$D36) | H36: {=IFERROR(INDEX(calc!$A:$A,MATCH(32,calc!$E:$E,0)),"")}
A37: =IF($H37="","",LEFT($H37,FIND("|",$H37)-1)) | B37: =IF($H37="","",MID($H37,FIND("|",$H37)+1,50)) | C37: =IF($H37="","",SUMIF(calc!$A:$A,$H37,calc!$C:$C)) | D37: =IF($H37="","",ROUNDUP($C37*Spares!$B$3,0)) | E37: =IF($H37="","",$C37+$D37) | H37: {=IFERROR(INDEX(calc!$A:$A,MATCH(33,calc!$E:$E,0)),"")}
A38: =IF($H38="","",LEFT($H38,FIND("|",$H38)-1)) | B38: =IF($H38="","",MID($H38,FIND("|",$H38)+1,50)) | C38: =IF($H38="","",SUMIF(calc!$A:$A,$H38,calc!$C:$C)) | D38: =IF($H38="","",ROUNDUP($C38*Spares!$B$3,0)) | E38: =IF($H38="","",$C38+$D38) | H38: {=IFERROR(INDEX(calc!$A:$A,MATCH(34,calc!$E:$E,0)),"")}
A39: =IF($H39="","",LEFT($H39,FIND("|",$H39)-1)) | B39: =IF($H39="","",MID($H39,FIND("|",$H39)+1,50)) | C39: =IF($H39="","",SUMIF(calc!$A:$A,$H39,calc!$C:$C)) | D39: =IF($H39="","",ROUNDUP($C39*Spares!$B$3,0)) | E39: =IF($H39="","",$C39+$D39) | H39: {=IFERROR(INDEX(calc!$A:$A,MATCH(35,calc!$E:$E,0)),"")}
A40: =IF($H40="","",LEFT($H40,FIND("|",$H40)-1)) | B40: =IF($H40="","",MID($H40,FIND("|",$H40)+1,50)) | C40: =IF($H40="","",SUMIF(calc!$A:$A,$H40,calc!$C:$C)) | D40: =IF($H40="","",ROUNDUP($C40*Spares!$B$3,0)) | E40: =IF($H40="","",$C40+$D40) | H40: {=IFERROR(INDEX(calc!$A:$A,MATCH(36,calc!$E:$E,0)),"")}
A41: =IF($H41="","",LEFT($H41,FIND("|",$H41)-1)) | B41: =IF($H41="","",MID($H41,FIND("|",$H41)+1,50)) | C41: =IF($H41="","",SUMIF(calc!$A:$A,$H41,calc!$C:$C)) | D41: =IF($H41="","",ROUNDUP($C41*Spares!$B$3,0)) | E41: =IF($H41="","",$C41+$D41) | H41: {=IFERROR(INDEX(calc!$A:$A,MATCH(37,calc!$E:$E,0)),"")}
A42: =IF($H42="","",LEFT($H42,FIND("|",$H42)-1)) | B42: =IF($H42="","",MID($H42,FIND("|",$H42)+1,50)) | C42: =IF($H42="","",SUMIF(calc!$A:$A,$H42,calc!$C:$C)) | D42: =IF($H42="","",ROUNDUP($C42*Spares!$B$3,0)) | E42: =IF($H42="","",$C42+$D42) | H42: {=IFERROR(INDEX(calc!$A:$A,MATCH(38,calc!$E:$E,0)),"")}
A43: =IF($H43="","",LEFT($H43,FIND("|",$H43)-1)) | B43: =IF($H43="","",MID($H43,FIND("|",$H43)+1,50)) | C43: =IF($H43="","",SUMIF(calc!$A:$A,$H43,calc!$C:$C)) | D43: =IF($H43="","",ROUNDUP($C43*Spares!$B$3,0)) | E43: =IF($H43="","",$C43+$D43) | H43: {=IFERROR(INDEX(calc!$A:$A,MATCH(39,calc!$E:$E,0)),"")}
A44: =IF($H44="","",LEFT($H44,FIND("|",$H44)-1)) | B44: =IF($H44="","",MID($H44,FIND("|",$H44)+1,50)) | C44: =IF($H44="","",SUMIF(calc!$A:$A,$H44,calc!$C:$C)) | D44: =IF($H44="","",ROUNDUP($C44*Spares!$B$3,0)) | E44: =IF($H44="","",$C44+$D44) | H44: {=IFERROR(INDEX(calc!$A:$A,MATCH(40,calc!$E:$E,0)),"")}
A45: =IF($H45="","",LEFT($H45,FIND("|",$H45)-1)) | B45: =IF($H45="","",MID($H45,FIND("|",$H45)+1,50)) | C45: =IF($H45="","",SUMIF(calc!$A:$A,$H45,calc!$C:$C)) | D45: =IF($H45="","",ROUNDUP($C45*Spares!$B$3,0)) | E45: =IF($H45="","",$C45+$D45) | H45: {=IFERROR(INDEX(calc!$A:$A,MATCH(41,calc!$E:$E,0)),"")}
A46: =IF($H46="","",LEFT($H46,FIND("|",$H46)-1)) | B46: =IF($H46="","",MID($H46,FIND("|",$H46)+1,50)) | C46: =IF($H46="","",SUMIF(calc!$A:$A,$H46,calc!$C:$C)) | D46: =IF($H46="","",ROUNDUP($C46*Spares!$B$3,0)) | E46: =IF($H46="","",$C46+$D46) | H46: {=IFERROR(INDEX(calc!$A:$A,MATCH(42,calc!$E:$E,0)),"")}
A47: =IF($H47="","",LEFT($H47,FIND("|",$H47)-1)) | B47: =IF($H47="","",MID($H47,FIND("|",$H47)+1,50)) | C47: =IF($H47="","",SUMIF(calc!$A:$A,$H47,calc!$C:$C)) | D47: =IF($H47="","",ROUNDUP($C47*Spares!$B$3,0)) | E47: =IF($H47="","",$C47+$D47) | H47: {=IFERROR(INDEX(calc!$A:$A,MATCH(43,calc!$E:$E,0)),"")}
A48: =IF($H48="","",LEFT($H48,FIND("|",$H48)-1)) | B48: =IF($H48="","",MID($H48,FIND("|",$H48)+1,50)) | C48: =IF($H48="","",SUMIF(calc!$A:$A,$H48,calc!$C:$C)) | D48: =IF($H48="","",ROUNDUP($C48*Spares!$B$3,0)) | E48: =IF($H48="","",$C48+$D48) | H48: {=IFERROR(INDEX(calc!$A:$A,MATCH(44,calc!$E:$E,0)),"")}
A49: =IF($H49="","",LEFT($H49,FIND("|",$H49)-1)) | B49: =IF($H49="","",MID($H49,FIND("|",$H49)+1,50)) | C49: =IF($H49="","",SUMIF(calc!$A:$A,$H49,calc!$C:$C)) | D49: =IF($H49="","",ROUNDUP($C49*Spares!$B$3,0)) | E49: =IF($H49="","",$C49+$D49) | H49: {=IFERROR(INDEX(calc!$A:$A,MATCH(45,calc!$E:$E,0)),"")}
A50: =IF($H50="","",LEFT($H50,FIND("|",$H50)-1)) | B50: =IF($H50="","",MID($H50,FIND("|",$H50)+1,50)) | C50: =IF($H50="","",SUMIF(calc!$A:$A,$H50,calc!$C:$C)) | D50: =IF($H50="","",ROUNDUP($C50*Spares!$B$3,0)) | E50: =IF($H50="","",$C50+$D50) | H50: {=IFERROR(INDEX(calc!$A:$A,MATCH(46,calc!$E:$E,0)),"")}
A51: =IF($H51="","",LEFT($H51,FIND("|",$H51)-1)) | B51: =IF($H51="","",MID($H51,FIND("|",$H51)+1,50)) | C51: =IF($H51="","",SUMIF(calc!$A:$A,$H51,calc!$C:$C)) | D51: =IF($H51="","",ROUNDUP($C51*Spares!$B$3,0)) | E51: =IF($H51="","",$C51+$D51) | H51: {=IFERROR(INDEX(calc!$A:$A,MATCH(47,calc!$E:$E,0)),"")}
A52: =IF($H52="","",LEFT($H52,FIND("|",$H52)-1)) | B52: =IF($H52="","",MID($H52,FIND("|",$H52)+1,50)) | C52: =IF($H52="","",SUMIF(calc!$A:$A,$H52,calc!$C:$C)) | D52: =IF($H52="","",ROUNDUP($C52*Spares!$B$3,0)) | E52: =IF($H52="","",$C52+$D52) | H52: {=IFERROR(INDEX(calc!$A:$A,MATCH(48,calc!$E:$E,0)),"")}
A53: =IF($H53="","",LEFT($H53,FIND("|",$H53)-1)) | B53: =IF($H53="","",MID($H53,FIND("|",$H53)+1,50)) | C53: =IF($H53="","",SUMIF(calc!$A:$A,$H53,calc!$C:$C)) | D53: =IF($H53="","",ROUNDUP($C53*Spares!$B$3,0)) | E53: =IF($H53="","",$C53+$D53) | H53: {=IFERROR(INDEX(calc!$A:$A,MATCH(49,calc!$E:$E,0)),"")}
A54: =IF($H54="","",LEFT($H54,FIND("|",$H54)-1)) | B54: =IF($H54="","",MID($H54,FIND("|",$H54)+1,50)) | C54: =IF($H54="","",SUMIF(calc!$A:$A,$H54,calc!$C:$C)) | D54: =IF($H54="","",ROUNDUP($C54*Spares!$B$3,0)) | E54: =IF($H54="","",$C54+$D54) | H54: {=IFERROR(INDEX(calc!$A:$A,MATCH(50,calc!$E:$E,0)),"")}
A55: =IF($H55="","",LEFT($H55,FIND("|",$H55)-1)) | B55: =IF($H55="","",MID($H55,FIND("|",$H55)+1,50)) | C55: =IF($H55="","",SUMIF(calc!$A:$A,$H55,calc!$C:$C)) | D55: =IF($H55="","",ROUNDUP($C55*Spares!$B$3,0)) | E55: =IF($H55="","",$C55+$D55) | H55: {=IFERROR(INDEX(calc!$A:$A,MATCH(51,calc!$E:$E,0)),"")}
A56: =IF($H56="","",LEFT($H56,FIND("|",$H56)-1)) | B56: =IF($H56="","",MID($H56,FIND("|",$H56)+1,50)) | C56: =IF($H56="","",SUMIF(calc!$A:$A,$H56,calc!$C:$C)) | D56: =IF($H56="","",ROUNDUP($C56*Spares!$B$3,0)) | E56: =IF($H56="","",$C56+$D56) | H56: {=IFERROR(INDEX(calc!$A:$A,MATCH(52,calc!$E:$E,0)),"")}
A57: =IF($H57="","",LEFT($H57,FIND("|",$H57)-1)) | B57: =IF($H57="","",MID($H57,FIND("|",$H57)+1,50)) | C57: =IF($H57="","",SUMIF(calc!$A:$A,$H57,calc!$C:$C)) | D57: =IF($H57="","",ROUNDUP($C57*Spares!$B$3,0)) | E57: =IF($H57="","",$C57+$D57) | H57: {=IFERROR(INDEX(calc!$A:$A,MATCH(53,calc!$E:$E,0)),"")}
A58: =IF($H58="","",LEFT($H58,FIND("|",$H58)-1)) | B58: =IF($H58="","",MID($H58,FIND("|",$H58)+1,50)) | C58: =IF($H58="","",SUMIF(calc!$A:$A,$H58,calc!$C:$C)) | D58: =IF($H58="","",ROUNDUP($C58*Spares!$B$3,0)) | E58: =IF($H58="","",$C58+$D58) | H58: {=IFERROR(INDEX(calc!$A:$A,MATCH(54,calc!$E:$E,0)),"")}
A59: =IF($H59="","",LEFT($H59,FIND("|",$H59)-1)) | B59: =IF($H59="","",MID($H59,FIND("|",$H59)+1,50)) | C59: =IF($H59="","",SUMIF(calc!$A:$A,$H59,calc!$C:$C)) | D59: =IF($H59="","",ROUNDUP($C59*Spares!$B$3,0)) | E59: =IF($H59="","",$C59+$D59) | H59: {=IFERROR(INDEX(calc!$A:$A,MATCH(55,calc!$E:$E,0)),"")}
A60: =IF($H60="","",LEFT($H60,FIND("|",$H60)-1)) | B60: =IF($H60="","",MID($H60,FIND("|",$H60)+1,50)) | C60: =IF($H60="","",SUMIF(calc!$A:$A,$H60,calc!$C:$C)) | D60: =IF($H60="","",ROUNDUP($C60*Spares!$B$3,0)) | E60: =IF($H60="","",$C60+$D60) | H60: {=IFERROR(INDEX(calc!$A:$A,MATCH(56,calc!$E:$E,0)),"")}
A61: =IF($H61="","",LEFT($H61,FIND("|",$H61)-1)) | B61: =IF($H61="","",MID($H61,FIND("|",$H61)+1,50)) | C61: =IF($H61="","",SUMIF(calc!$A:$A,$H61,calc!$C:$C)) | D61: =IF($H61="","",ROUNDUP($C61*Spares!$B$3,0)) | E61: =IF($H61="","",$C61+$D61) | H61: {=IFERROR(INDEX(calc!$A:$A,MATCH(57,calc!$E:$E,0)),"")}
A62: =IF($H62="","",LEFT($H62,FIND("|",$H62)-1)) | B62: =IF($H62="","",MID($H62,FIND("|",$H62)+1,50)) | C62: =IF($H62="","",SUMIF(calc!$A:$A,$H62,calc!$C:$C)) | D62: =IF($H62="","",ROUNDUP($C62*Spares!$B$3,0)) | E62: =IF($H62="","",$C62+$D62) | H62: {=IFERROR(INDEX(calc!$A:$A,MATCH(58,calc!$E:$E,0)),"")}
A63: =IF($H63="","",LEFT($H63,FIND("|",$H63)-1)) | B63: =IF($H63="","",MID($H63,FIND("|",$H63)+1,50)) | C63: =IF($H63="","",SUMIF(calc!$A:$A,$H63,calc!$C:$C)) | D63: =IF($H63="","",ROUNDUP($C63*Spares!$B$3,0)) | E63: =IF($H63="","",$C63+$D63) | H63: {=IFERROR(INDEX(calc!$A:$A,MATCH(59,calc!$E:$E,0)),"")}
A64: =IF($H64="","",LEFT($H64,FIND("|",$H64)-1)) | B64: =IF($H64="","",MID($H64,FIND("|",$H64)+1,50)) | C64: =IF($H64="","",SUMIF(calc!$A:$A,$H64,calc!$C:$C)) | D64: =IF($H64="","",ROUNDUP($C64*Spares!$B$3,0)) | E64: =IF($H64="","",$C64+$D64) | H64: {=IFERROR(INDEX(calc!$A:$A,MATCH(60,calc!$E:$E,0)),"")}
A65: =IF($H65="","",LEFT($H65,FIND("|",$H65)-1)) | B65: =IF($H65="","",MID($H65,FIND("|",$H65)+1,50)) | C65: =IF($H65="","",SUMIF(calc!$A:$A,$H65,calc!$C:$C)) | D65: =IF($H65="","",ROUNDUP($C65*Spares!$B$3,0)) | E65: =IF($H65="","",$C65+$D65) | H65: {=IFERROR(INDEX(calc!$A:$A,MATCH(61,calc!$E:$E,0)),"")}
A66: =IF($H66="","",LEFT($H66,FIND("|",$H66)-1)) | B66: =IF($H66="","",MID($H66,FIND("|",$H66)+1,50)) | C66: =IF($H66="","",SUMIF(calc!$A:$A,$H66,calc!$C:$C)) | D66: =IF($H66="","",ROUNDUP($C66*Spares!$B$3,0)) | E66: =IF($H66="","",$C66+$D66) | H66: {=IFERROR(INDEX(calc!$A:$A,MATCH(62,calc!$E:$E,0)),"")}
A67: =IF($H67="","",LEFT($H67,FIND("|",$H67)-1)) | B67: =IF($H67="","",MID($H67,FIND("|",$H67)+1,50)) | C67: =IF($H67="","",SUMIF(calc!$A:$A,$H67,calc!$C:$C)) | D67: =IF($H67="","",ROUNDUP($C67*Spares!$B$3,0)) | E67: =IF($H67="","",$C67+$D67) | H67: {=IFERROR(INDEX(calc!$A:$A,MATCH(63,calc!$E:$E,0)),"")}
A68: =IF($H68="","",LEFT($H68,FIND("|",$H68)-1)) | B68: =IF($H68="","",MID($H68,FIND("|",$H68)+1,50)) | C68: =IF($H68="","",SUMIF(calc!$A:$A,$H68,calc!$C:$C)) | D68: =IF($H68="","",ROUNDUP($C68*Spares!$B$3,0)) | E68: =IF($H68="","",$C68+$D68) | H68: {=IFERROR(INDEX(calc!$A:$A,MATCH(64,calc!$E:$E,0)),"")}
A69: =IF($H69="","",LEFT($H69,FIND("|",$H69)-1)) | B69: =IF($H69="","",MID($H69,FIND("|",$H69)+1,50)) | C69: =IF($H69="","",SUMIF(calc!$A:$A,$H69,calc!$C:$C)) | D69: =IF($H69="","",ROUNDUP($C69*Spares!$B$3,0)) | E69: =IF($H69="","",$C69+$D69) | H69: {=IFERROR(INDEX(calc!$A:$A,MATCH(65,calc!$E:$E,0)),"")}
A70: =IF($H70="","",LEFT($H70,FIND("|",$H70)-1)) | B70: =IF($H70="","",MID($H70,FIND("|",$H70)+1,50)) | C70: =IF($H70="","",SUMIF(calc!$A:$A,$H70,calc!$C:$C)) | D70: =IF($H70="","",ROUNDUP($C70*Spares!$B$3,0)) | E70: =IF($H70="","",$C70+$D70) | H70: {=IFERROR(INDEX(calc!$A:$A,MATCH(66,calc!$E:$E,0)),"")}
A71: =IF($H71="","",LEFT($H71,FIND("|",$H71)-1)) | B71: =IF($H71="","",MID($H71,FIND("|",$H71)+1,50)) | C71: =IF($H71="","",SUMIF(calc!$A:$A,$H71,calc!$C:$C)) | D71: =IF($H71="","",ROUNDUP($C71*Spares!$B$3,0)) | E71: =IF($H71="","",$C71+$D71) | H71: {=IFERROR(INDEX(calc!$A:$A,MATCH(67,calc!$E:$E,0)),"")}
A72: =IF($H72="","",LEFT($H72,FIND("|",$H72)-1)) | B72: =IF($H72="","",MID($H72,FIND("|",$H72)+1,50)) | C72: =IF($H72="","",SUMIF(calc!$A:$A,$H72,calc!$C:$C)) | D72: =IF($H72="","",ROUNDUP($C72*Spares!$B$3,0)) | E72: =IF($H72="","",$C72+$D72) | H72: {=IFERROR(INDEX(calc!$A:$A,MATCH(68,calc!$E:$E,0)),"")}
A73: =IF($H73="","",LEFT($H73,FIND("|",$H73)-1)) | B73: =IF($H73="","",MID($H73,FIND("|",$H73)+1,50)) | C73: =IF($H73="","",SUMIF(calc!$A:$A,$H73,calc!$C:$C)) | D73: =IF($H73="","",ROUNDUP($C73*Spares!$B$3,0)) | E73: =IF($H73="","",$C73+$D73) | H73: {=IFERROR(INDEX(calc!$A:$A,MATCH(69,calc!$E:$E,0)),"")}
A74: =IF($H74="","",LEFT($H74,FIND("|",$H74)-1)) | B74: =IF($H74="","",MID($H74,FIND("|",$H74)+1,50)) | C74: =IF($H74="","",SUMIF(calc!$A:$A,$H74,calc!$C:$C)) | D74: =IF($H74="","",ROUNDUP($C74*Spares!$B$3,0)) | E74: =IF($H74="","",$C74+$D74) | H74: {=IFERROR(INDEX(calc!$A:$A,MATCH(70,calc!$E:$E,0)),"")}
A75: =IF($H75="","",LEFT($H75,FIND("|",$H75)-1)) | B75: =IF($H75="","",MID($H75,FIND("|",$H75)+1,50)) | C75: =IF($H75="","",SUMIF(calc!$A:$A,$H75,calc!$C:$C)) | D75: =IF($H75="","",ROUNDUP($C75*Spares!$B$3,0)) | E75: =IF($H75="","",$C75+$D75) | H75: {=IFERROR(INDEX(calc!$A:$A,MATCH(71,calc!$E:$E,0)),"")}
A76: =IF($H76="","",LEFT($H76,FIND("|",$H76)-1)) | B76: =IF($H76="","",MID($H76,FIND("|",$H76)+1,50)) | C76: =IF($H76="","",SUMIF(calc!$A:$A,$H76,calc!$C:$C)) | D76: =IF($H76="","",ROUNDUP($C76*Spares!$B$3,0)) | E76: =IF($H76="","",$C76+$D76) | H76: {=IFERROR(INDEX(calc!$A:$A,MATCH(72,calc!$E:$E,0)),"")}
A77: =IF($H77="","",LEFT($H77,FIND("|",$H77)-1)) | B77: =IF($H77="","",MID($H77,FIND("|",$H77)+1,50)) | C77: =IF($H77="","",SUMIF(calc!$A:$A,$H77,calc!$C:$C)) | D77: =IF($H77="","",ROUNDUP($C77*Spares!$B$3,0)) | E77: =IF($H77="","",$C77+$D77) | H77: {=IFERROR(INDEX(calc!$A:$A,MATCH(73,calc!$E:$E,0)),"")}
A78: =IF($H78="","",LEFT($H78,FIND("|",$H78)-1)) | B78: =IF($H78="","",MID($H78,FIND("|",$H78)+1,50)) | C78: =IF($H78="","",SUMIF(calc!$A:$A,$H78,calc!$C:$C)) | D78: =IF($H78="","",ROUNDUP($C78*Spares!$B$3,0)) | E78: =IF($H78="","",$C78+$D78) | H78: {=IFERROR(INDEX(calc!$A:$A,MATCH(74,calc!$E:$E,0)),"")}
A79: =IF($H79="","",LEFT($H79,FIND("|",$H79)-1)) | B79: =IF($H79="","",MID($H79,FIND("|",$H79)+1,50)) | C79: =IF($H79="","",SUMIF(calc!$A:$A,$H79,calc!$C:$C)) | D79: =IF($H79="","",ROUNDUP($C79*Spares!$B$3,0)) | E79: =IF($H79="","",$C79+$D79) | H79: {=IFERROR(INDEX(calc!$A:$A,MATCH(75,calc!$E:$E,0)),"")}
A80: =IF($H80="","",LEFT($H80,FIND("|",$H80)-1)) | B80: =IF($H80="","",MID($H80,FIND("|",$H80)+1,50)) | C80: =IF($H80="","",SUMIF(calc!$A:$A,$H80,calc!$C:$C)) | D80: =IF($H80="","",ROUNDUP($C80*Spares!$B$3,0)) | E80: =IF($H80="","",$C80+$D80) | H80: {=IFERROR(INDEX(calc!$A:$A,MATCH(76,calc!$E:$E,0)),"")}
A81: =IF($H81="","",LEFT($H81,FIND("|",$H81)-1)) | B81: =IF($H81="","",MID($H81,FIND("|",$H81)+1,50)) | C81: =IF($H81="","",SUMIF(calc!$A:$A,$H81,calc!$C:$C)) | D81: =IF($H81="","",ROUNDUP($C81*Spares!$B$3,0)) | E81: =IF($H81="","",$C81+$D81) | H81: {=IFERROR(INDEX(calc!$A:$A,MATCH(77,calc!$E:$E,0)),"")}
A82: =IF($H82="","",LEFT($H82,FIND("|",$H82)-1)) | B82: =IF($H82="","",MID($H82,FIND("|",$H82)+1,50)) | C82: =IF($H82="","",SUMIF(calc!$A:$A,$H82,calc!$C:$C)) | D82: =IF($H82="","",ROUNDUP($C82*Spares!$B$3,0)) | E82: =IF($H82="","",$C82+$D82) | H82: {=IFERROR(INDEX(calc!$A:$A,MATCH(78,calc!$E:$E,0)),"")}
A83: =IF($H83="","",LEFT($H83,FIND("|",$H83)-1)) | B83: =IF($H83="","",MID($H83,FIND("|",$H83)+1,50)) | C83: =IF($H83="","",SUMIF(calc!$A:$A,$H83,calc!$C:$C)) | D83: =IF($H83="","",ROUNDUP($C83*Spares!$B$3,0)) | E83: =IF($H83="","",$C83+$D83) | H83: {=IFERROR(INDEX(calc!$A:$A,MATCH(79,calc!$E:$E,0)),"")}
A84: =IF($H84="","",LEFT($H84,FIND("|",$H84)-1)) | B84: =IF($H84="","",MID($H84,FIND("|",$H84)+1,50)) | C84: =IF($H84="","",SUMIF(calc!$A:$A,$H84,calc!$C:$C)) | D84: =IF($H84="","",ROUNDUP($C84*Spares!$B$3,0)) | E84: =IF($H84="","",$C84+$D84) | H84: {=IFERROR(INDEX(calc!$A:$A,MATCH(80,calc!$E:$E,0)),"")}
A85: =IF($H85="","",LEFT($H85,FIND("|",$H85)-1)) | B85: =IF($H85="","",MID($H85,FIND("|",$H85)+1,50)) | C85: =IF($H85="","",SUMIF(calc!$A:$A,$H85,calc!$C:$C)) | D85: =IF($H85="","",ROUNDUP($C85*Spares!$B$3,0)) | E85: =IF($H85="","",$C85+$D85) | H85: {=IFERROR(INDEX(calc!$A:$A,MATCH(81,calc!$E:$E,0)),"")}
A86: =IF($H86="","",LEFT($H86,FIND("|",$H86)-1)) | B86: =IF($H86="","",MID($H86,FIND("|",$H86)+1,50)) | C86: =IF($H86="","",SUMIF(calc!$A:$A,$H86,calc!$C:$C)) | D86: =IF($H86="","",ROUNDUP($C86*Spares!$B$3,0)) | E86: =IF($H86="","",$C86+$D86) | H86: {=IFERROR(INDEX(calc!$A:$A,MATCH(82,calc!$E:$E,0)),"")}
A87: =IF($H87="","",LEFT($H87,FIND("|",$H87)-1)) | B87: =IF($H87="","",MID($H87,FIND("|",$H87)+1,50)) | C87: =IF($H87="","",SUMIF(calc!$A:$A,$H87,calc!$C:$C)) | D87: =IF($H87="","",ROUNDUP($C87*Spares!$B$3,0)) | E87: =IF($H87="","",$C87+$D87) | H87: {=IFERROR(INDEX(calc!$A:$A,MATCH(83,calc!$E:$E,0)),"")}
A88: =IF($H88="","",LEFT($H88,FIND("|",$H88)-1)) | B88: =IF($H88="","",MID($H88,FIND("|",$H88)+1,50)) | C88: =IF($H88="","",SUMIF(calc!$A:$A,$H88,calc!$C:$C)) | D88: =IF($H88="","",ROUNDUP($C88*Spares!$B$3,0)) | E88: =IF($H88="","",$C88+$D88) | H88: {=IFERROR(INDEX(calc!$A:$A,MATCH(84,calc!$E:$E,0)),"")}
A89: =IF($H89="","",LEFT($H89,FIND("|",$H89)-1)) | B89: =IF($H89="","",MID($H89,FIND("|",$H89)+1,50)) | C89: =IF($H89="","",SUMIF(calc!$A:$A,$H89,calc!$C:$C)) | D89: =IF($H89="","",ROUNDUP($C89*Spares!$B$3,0)) | E89: =IF($H89="","",$C89+$D89) | H89: {=IFERROR(INDEX(calc!$A:$A,MATCH(85,calc!$E:$E,0)),"")}
A90: =IF($H90="","",LEFT($H90,FIND("|",$H90)-1)) | B90: =IF($H90="","",MID($H90,FIND("|",$H90)+1,50)) | C90: =IF($H90="","",SUMIF(calc!$A:$A,$H90,calc!$C:$C)) | D90: =IF($H90="","",ROUNDUP($C90*Spares!$B$3,0)) | E90: =IF($H90="","",$C90+$D90) | H90: {=IFERROR(INDEX(calc!$A:$A,MATCH(86,calc!$E:$E,0)),"")}
A91: =IF($H91="","",LEFT($H91,FIND("|",$H91)-1)) | B91: =IF($H91="","",MID($H91,FIND("|",$H91)+1,50)) | C91: =IF($H91="","",SUMIF(calc!$A:$A,$H91,calc!$C:$C)) | D91: =IF($H91="","",ROUNDUP($C91*Spares!$B$3,0)) | E91: =IF($H91="","",$C91+$D91) | H91: {=IFERROR(INDEX(calc!$A:$A,MATCH(87,calc!$E:$E,0)),"")}
A92: =IF($H92="","",LEFT($H92,FIND("|",$H92)-1)) | B92: =IF($H92="","",MID($H92,FIND("|",$H92)+1,50)) | C92: =IF($H92="","",SUMIF(calc!$A:$A,$H92,calc!$C:$C)) | D92: =IF($H92="","",ROUNDUP($C92*Spares!$B$3,0)) | E92: =IF($H92="","",$C92+$D92) | H92: {=IFERROR(INDEX(calc!$A:$A,MATCH(88,calc!$E:$E,0)),"")}
A93: =IF($H93="","",LEFT($H93,FIND("|",$H93)-1)) | B93: =IF($H93="","",MID($H93,FIND("|",$H93)+1,50)) | C93: =IF($H93="","",SUMIF(calc!$A:$A,$H93,calc!$C:$C)) | D93: =IF($H93="","",ROUNDUP($C93*Spares!$B$3,0)) | E93: =IF($H93="","",$C93+$D93) | H93: {=IFERROR(INDEX(calc!$A:$A,MATCH(89,calc!$E:$E,0)),"")}
A94: =IF($H94="","",LEFT($H94,FIND("|",$H94)-1)) | B94: =IF($H94="","",MID($H94,FIND("|",$H94)+1,50)) | C94: =IF($H94="","",SUMIF(calc!$A:$A,$H94,calc!$C:$C)) | D94: =IF($H94="","",ROUNDUP($C94*Spares!$B$3,0)) | E94: =IF($H94="","",$C94+$D94) | H94: {=IFERROR(INDEX(calc!$A:$A,MATCH(90,calc!$E:$E,0)),"")}
A95: =IF($H95="","",LEFT($H95,FIND("|",$H95)-1)) | B95: =IF($H95="","",MID($H95,FIND("|",$H95)+1,50)) | C95: =IF($H95="","",SUMIF(calc!$A:$A,$H95,calc!$C:$C)) | D95: =IF($H95="","",ROUNDUP($C95*Spares!$B$3,0)) | E95: =IF($H95="","",$C95+$D95) | H95: {=IFERROR(INDEX(calc!$A:$A,MATCH(91,calc!$E:$E,0)),"")}
A96: =IF($H96="","",LEFT($H96,FIND("|",$H96)-1)) | B96: =IF($H96="","",MID($H96,FIND("|",$H96)+1,50)) | C96: =IF($H96="","",SUMIF(calc!$A:$A,$H96,calc!$C:$C)) | D96: =IF($H96="","",ROUNDUP($C96*Spares!$B$3,0)) | E96: =IF($H96="","",$C96+$D96) | H96: {=IFERROR(INDEX(calc!$A:$A,MATCH(92,calc!$E:$E,0)),"")}
A97: =IF($H97="","",LEFT($H97,FIND("|",$H97)-1)) | B97: =IF($H97="","",MID($H97,FIND("|",$H97)+1,50)) | C97: =IF($H97="","",SUMIF(calc!$A:$A,$H97,calc!$C:$C)) | D97: =IF($H97="","",ROUNDUP($C97*Spares!$B$3,0)) | E97: =IF($H97="","",$C97+$D97) | H97: {=IFERROR(INDEX(calc!$A:$A,MATCH(93,calc!$E:$E,0)),"")}
A98: =IF($H98="","",LEFT($H98,FIND("|",$H98)-1)) | B98: =IF($H98="","",MID($H98,FIND("|",$H98)+1,50)) | C98: =IF($H98="","",SUMIF(calc!$A:$A,$H98,calc!$C:$C)) | D98: =IF($H98="","",ROUNDUP($C98*Spares!$B$3,0)) | E98: =IF($H98="","",$C98+$D98) | H98: {=IFERROR(INDEX(calc!$A:$A,MATCH(94,calc!$E:$E,0)),"")}
A99: =IF($H99="","",LEFT($H99,FIND("|",$H99)-1)) | B99: =IF($H99="","",MID($H99,FIND("|",$H99)+1,50)) | C99: =IF($H99="","",SUMIF(calc!$A:$A,$H99,calc!$C:$C)) | D99: =IF($H99="","",ROUNDUP($C99*Spares!$B$3,0)) | E99: =IF($H99="","",$C99+$D99) | H99: {=IFERROR(INDEX(calc!$A:$A,MATCH(95,calc!$E:$E,0)),"")}
A100: =IF($H100="","",LEFT($H100,FIND("|",$H100)-1)) | B100: =IF($H100="","",MID($H100,FIND("|",$H100)+1,50)) | C100: =IF($H100="","",SUMIF(calc!$A:$A,$H100,calc!$C:$C)) | D100: =IF($H100="","",ROUNDUP($C100*Spares!$B$3,0)) | E100: =IF($H100="","",$C100+$D100) | H100: {=IFERROR(INDEX(calc!$A:$A,MATCH(96,calc!$E:$E,0)),"")}
A101: =IF($H101="","",LEFT($H101,FIND("|",$H101)-1)) | B101: =IF($H101="","",MID($H101,FIND("|",$H101)+1,50)) | C101: =IF($H101="","",SUMIF(calc!$A:$A,$H101,calc!$C:$C)) | D101: =IF($H101="","",ROUNDUP($C101*Spares!$B$3,0)) | E101: =IF($H101="","",$C101+$D101) | H101: {=IFERROR(INDEX(calc!$A:$A,MATCH(97,calc!$E:$E,0)),"")}
...

Sheet GEAR LIST
A1: GEAR LIST
A2: Add gear here. Type a new cable in column A or a length in column B and it shows up in the Pull Sheet dropdowns automatically.
A3: Cable Types | B3: Lengths
A4: Tru-1 Breakout | B4: EA
A5: Ether-con Snake | B5: 3'
A6: Ether-con | B6: 4'
A7: Ether-con Barrel | B7: 5'
A8: Tru-1 | B8: 6'
A9: Multi | B9: 10'
A10: 12G SDI | B10: 15'
A11: HDMI | B11: 25'
A12: Ethernet | B12: 50'
A13: P14 | B13: 75'
A14: Absen TRU-1 Long Power Jump | B14: 100'
... A20: Header Triple | B20: 500'
A21: Header Double
A22: Header Single
A23: 3G SDI
A24: H5
A25: 16 port sending card + 2 OPT
A26: CVT Rack
A27: 12 Tac Fiber
A28: 10G Single-Mode SFP
A29: UHD JR

Sheet READ ME
B2: LED CABLE PULL SHEET - how it works
B5: LAYOUT
B6: Positions sit SIDE BY SIDE across the sheet (first three, then the tan copy-me block).
B7: Scroll right for more room instead of down. All positions share the same rows.
B9: DYNAMIC
B10: TOTALS and Spares build themselves from every position. Type any cable + length + qty and
B11: it appears; delete it and it drops off. The same cable across positions merges to one line.
B13: ADD / CHANGE GEAR IN THE DROPDOWNS
B14: GEAR LIST tab: type a new cable under 'Cable Types' or a length under 'Lengths'. It shows up
B15: in the Pull Sheet dropdowns right away. Dropdowns only warn, never block.
B17: ADD MORE ROWS
B18: Each position has 30 rows. Need more? Select some data-row numbers, right-click > Insert N
... B44: TOTALS and Spares sort themselves automatically - no button needed there.

Sheet calc
A1: key (type|length) | B1: rank | C1: qty | D1: sortkey | E1: sortrank
A5: {=IF(N(INDIRECT("'Pull Sheet'!C7"))>0,INDIRECT("'Pull Sheet'!A7")&"|"&INDIRECT("'Pull Sheet'!B7"),"")} | B5: =IF(AND($A5<>"",COUNTIF($A$5:$A5,$A5)=1),MAX($B$4:$B4)+1,"") | C5: {=IF($A5="","",N(INDIRECT("'Pull Sheet'!C7")))} | D5: =IF($B5="","",IF(IFERROR(VALUE(LEFT(LOWER(LEFT($A5,FIND("|",$A5)-1)),3)),IFERROR(VALUE(LEFT(LOWER(LEFT($A5,FIND("|",$A5)-1)),2)),IFERROR(VALUE(LEFT(LOWER(LEFT($A5,FIND("|",$A5)-1)),1)),-1)))>=0,TEXT(IFERROR(VALUE(LEFT(LOWER(LEFT($A5,FIND("|",$A5)-1)),3)),IFERROR(VALUE(LEFT(LOWER(LEFT($A5,FIND("|",$A5)-1)),2)),IFERROR(VALUE(LEFT(LOWER(LEFT($A5,FIND("|",$A5)-1)),1)),-1))),"000000")&MID(LOWER(LEFT($A5,FIND("|",$A5)-1)),LEN(TEXT(IFERROR(VALUE(LEFT(LOWER(LEFT($A5,FIND("|",$A5)-1)),3)),IFERROR(VALUE(LEFT(LOWER(LEFT($A5,FIND("|",$A5)-1)),2)),IFERROR(VALUE(LEFT(LOWER(LEFT($A5,FIND("|",$A5)-1)),1)),-1))),"0"))+1,99),LOWER(LEFT($A5,FIND("|",$A5)-1)))&CHAR(9)&TEXT(IF(SUBSTITUTE(MID($A5,FIND("|",$A5)+1,50),"'","")="",0,IFERROR(VALUE(SUBSTITUTE(MID($A5,FIND("|",$A5)+1,50),"'","")),999999)),"000000")&CHAR(9)&TEXT($B5,"0000")) | E5: =IF($D5="","",SUMPRODUCT(($D$5:$D$364<>"")*($D$5:$D$364<$D5))+1)
A6: {=IF(N(INDIRECT("'Pull Sheet'!C8"))>0,INDIRECT("'Pull Sheet'!A8")&"|"&INDIRECT("'Pull Sheet'!B8"),"")} | B6: =IF(AND($A6<>"",COUNTIF($A$5:$A6,$A6)=1),MAX($B$4:$B5)+1,"") | C6: {=IF($A6="","",N(INDIRECT("'Pull Sheet'!C8")))} | D6: =IF($B6="","",IF(IFERROR(VALUE(LEFT(LOWER(LEFT($A6,FIND("|",$A6)-1)),3)),IFERROR(VALUE(LEFT(LOWER(LEFT($A6,FIND("|",$A6)-1)),2)),IFERROR(VALUE(LEFT(LOWER(LEFT($A6,FIND("|",$A6)-1)),1)),-1)))>=0,TEXT(IFERROR(VALUE(LEFT(LOWER(LEFT($A6,FIND("|",$A6)-1)),3)),IFERROR(VALUE(LEFT(LOWER(LEFT($A6,FIND("|",$A6)-1)),2)),IFERROR(VALUE(LEFT(LOWER(LEFT($A6,FIND("|",$A6)-1)),1)),-1))),"000000")&MID(LOWER(LEFT($A6,FIND("|",$A6)-1)),LEN(TEXT(IFERROR(VALUE(LEFT(LOWER(LEFT($A6,FIND("|",$A6)-1)),3)),IFERROR(VALUE(LEFT(LOWER(LEFT($A6,FIND("|",$A6)-1)),2)),IFERROR(VALUE(LEFT(LOWER(LEFT($A6,FIND("|",$A6)-1)),1)),-1))),"0"))+1,99),LOWER(LEFT($A6,FIND("|",$A6)-1)))&CHAR(9)&TEXT(IF(SUBSTITUTE(MID($A6,FIND("|",$A6)+1,50),"'","")="",0,IFERROR(VALUE(SUBSTITUTE(MID($A6,FIND("|",$A6)+1,50),"'","")),999999)),"000000")&CHAR(9)&TEXT($B6,"0000")) | E6: =IF($D6="","",SUMPRODUCT(($D$5:$D$364<>"")*($D$5:$D$364<$D6))+1)
A7: {=IF(N(INDIRECT("'Pull Sheet'!C9"))>0,INDIRECT("'Pull Sheet'!A9")&"|"&INDIRECT("'Pull Sheet'!B9"),"")} | B7: =IF(AND($A7<>"",COUNTIF($A$5:$A7,$A7)=1),MAX($B$4:$B6)+1,"") | C7: {=IF($A7="","",N(INDIRECT("'Pull Sheet'!C9")))} | D7: =IF($B7="","",IF(IFERROR(VALUE(LEFT(LOWER(LEFT($A7,FIND("|",$A7)-1)),3)),IFERROR(VALUE(LEFT(LOWER(LEFT($A7,FIND("|",$A7)-1)),2)),IFERROR(VALUE(LEFT(LOWER(LEFT($A7,FIND("|",$A7)-1)),1)),-1)))>=0,TEXT(IFERROR(VALUE(LEFT(LOWER(LEFT($A7,FIND("|",$A7)-1)),3)),IFERROR(VALUE(LEFT(LOWER(LEFT($A7,FIND("|",$A7)-1)),2)),IFERROR(VALUE(LEFT(LOWER(LEFT($A7,FIND("|",$A7)-1)),1)),-1))),"000000")&MID(LOWER(LEFT($A7,FIND("|",$A7)-1)),LEN(TEXT(IFERROR(VALUE(LEFT(LOWER(LEFT($A7,FIND("|",$A7)-1)),3)),IFERROR(VALUE(LEFT(LOWER(LEFT($A7,FIND("|",$A7)-1)),2)),IFERROR(VALUE(LEFT(LOWER(LEFT($A7,FIND("|",$A7)-1)),1)),-1))),"0"))+1,99),LOWER(LEFT($A7,FIND("|",$A7)-1)))&CHAR(9)&TEXT(IF(SUBSTITUTE(MID($A7,FIND("|",$A7)+1,50),"'","")="",0,IFERROR(VALUE(SUBSTITUTE(MID($A7,FIND("|",$A7)+1,50),"'","")),999999)),"000000")&CHAR(9)&TEXT($B7,"0000")) | E7: =IF($D7="","",SUMPRODUCT(($D$5:$D$364<>"")*($D$5:$D$364<$D7))+1)
A8: {=IF(N(INDIRECT("'Pull Sheet'!C10"))>0,INDIRECT("'Pull Sheet'!A10")&"|"&INDIRECT("'Pull Sheet'!B10"),"")} | B8: =IF(AND($A8<>"",COUNTIF($A$5:$A8,$A8)=1),MAX($B$4:$B7)+1,"") | C8: {=IF($A8="","",N(INDIRECT("'Pull Sheet'!C10")))} | D8: =IF($B8="","",IF(IFERROR(VALUE(LEFT(LOWER(LEFT($A8,FIND("|",$A8)-1)),3)),IFERROR(VALUE(LEFT(LOWER(LEFT($A8,FIND("|",$A8)-1)),2)),IFERROR(VALUE(LEFT(LOWER(LEFT($A8,FIND("|",$A8)-1)),1)),-1)))>=0,TEXT(IFERROR(VALUE(LEFT(LOWER(LEFT($A8,FIND("|",$A8)-1)),3)),IFERROR(VALUE(LEFT(LOWER(LEFT($A8,FIND("|",$A8)-1)),2)),IFERROR(VALUE(LEFT(LOWER(LEFT($A8,FIND("|",$A8)-1)),1)),-1))),"000000")&MID(LOWER(LEFT($A8,FIND("|",$A8)-1)),LEN(TEXT(IFERROR(VALUE(LEFT(LOWER(LEFT($A8,FIND("|",$A8)-1)),3)),IFERROR(VALUE(LEFT(LOWER(LEFT($A8,FIND("|",$A8)-1)),2)),IFERROR(VALUE(LEFT(LOWER(LEFT($A8,FIND("|",$A8)-1)),1)),-1))),"0"))+1,99),LOWER(LEFT($A8,FIND("|",$A8)-1)))&CHAR(9)&TEXT(IF(SUBSTITUTE(MID($A8,FIND("|",$A8)+1,50),"'","")="",0,IFERROR(VALUE(SUBSTITUTE(MID($A8,FIND("|",$A8)+1,50),"'","")),999999)),"000000")&CHAR(9)&TEXT($B8,"0000")) | E8: =IF($D8="","",SUMPRODUCT(($D$5:$D$364<>"")*($D$5:$D$364<$D8))+1)
A9: {=IF(N(INDIRECT("'Pull Sheet'!C11"))>0,INDIRECT("'Pull Sheet'!A11")&"|"&INDIRECT("'Pull Sheet'!B11"),"")} | B9: =IF(AND($A9<>"",COUNTIF($A$5:$A9,$A9)=1),MAX($B$4:$B8)+1,"") | C9: {=IF($A9="","",N(INDIRECT("'Pull Sheet'!C11")))} | D9: =IF($B9="","",IF(IFERROR(VALUE(LEFT(LOWER(LEFT($A9,FIND("|",$A9)-1)),3)),IFERROR(VALUE(LEFT(LOWER(LEFT($A9,FIND("|",$A9)-1)),2)),IFERROR(VALUE(LEFT(LOWER(LEFT($A9,FIND("|",$A9)-1)),1)),-1)))>=0,TEXT(IFERROR(VALUE(LEFT(LOWER(LEFT($A9,FIND("|",$A9)-1)),3)),IFERROR(VALUE(LEFT(LOWER(LEFT($A9,FIND("|",$A9)-1)),2)),IFERROR(VALUE(LEFT(LOWER(LEFT($A9,FIND("|",$A9)-1)),1)),-1))),"000000")&MID(LOWER(LEFT($A9,FIND("|",$A9)-1)),LEN(TEXT(IFERROR(VALUE(LEFT(LOWER(LEFT($A9,FIND("|",$A9)-1)),3)),IFERROR(VALUE(LEFT(LOWER(LEFT($A9,FIND("|",$A9)-1)),2)),IFERROR(VALUE(LEFT(LOWER(LEFT($A9,FIND("|",$A9)-1)),1)),-1))),"0"))+1,99),LOWER(LEFT($A9,FIND("|",$A9)-1)))&CHAR(9)&TEXT(IF(SUBSTITUTE(MID($A9,FIND("|",$A9)+1,50),"'","")="",0,IFERROR(VALUE(SUBSTITUTE(MID($A9,FIND("|",$A9)+1,50),"'","")),999999)),"000000")&CHAR(9)&TEXT($B9,"0000")) | E9: =IF($D9="","",SUMPRODUCT(($D$5:$D$364<>"")*($D$5:$D$364<$D9))+1)
A10: {=IF(N(INDIRECT("'Pull Sheet'!C12"))>0,INDIRECT("'Pull Sheet'!A12")&"|"&INDIRECT("'Pull Sheet'!B12"),"")} | B10: =IF(AND($A10<>"",COUNTIF($A$5:$A10,$A10)=1),MAX($B$4:$B9)+1,"") | C10: {=IF($A10="","",N(INDIRECT("'Pull Sheet'!C12")))} | D10: =IF($B10="","",IF(IFERROR(VALUE(LEFT(LOWER(LEFT($A10,FIND("|",$A10)-1)),3)),IFERROR(VALUE(LEFT(LOWER(LEFT($A10,FIND("|",$A10)-1)),2)),IFERROR(VALUE(LEFT(LOWER(LEFT($A10,FIND("|",$A10)-1)),1)),-1)))>=0,TEXT(IFERROR(VALUE(LEFT(LOWER(LEFT($A10,FIND("|",$A10)-1)),3)),IFERROR(VALUE(LEFT(LOWER(LEFT($A10,FIND("|",$A10)-1)),2)),IFERROR(VALUE(LEFT(LOWER(LEFT($A10,FIND("|",$A10)-1)),1)),-1))),"000000")&MID(LOWER(LEFT($A10,FIND("|",$A10)-1)),LEN(TEXT(IFERROR(VALUE(LEFT(LOWER(LEFT($A10,FIND("|",$A10)-1)),3)),IFERROR(VALUE(LEFT(LOWER(LEFT($A10,FIND("|",$A10)-1)),2)),IFERROR(VALUE(LEFT(LOWER(LEFT($A10,FIND("|",$A10)-1)),1)),-1))),"0"))+1,99),LOWER(LEFT($A10,FIND("|",$A10)-1)))&CHAR(9)&TEXT(IF(SUBSTITUTE(MID($A10,FIND("|",$A10)+1,50),"'","")="",0,IFERROR(VALUE(SUBSTITUTE(MID($A10,FIND("|",$A10)+1,50),"'","")),999999)),"000000")&CHAR(9)&TEXT($B10,"0000")) | E10: =IF($D10="","",SUMPRODUCT(($D$5:$D$364<>"")*($D$5:$D$364<$D10))+1)
A11: {=IF(N(INDIRECT("'Pull Sheet'!C13"))>0,INDIRECT("'Pull Sheet'!A13")&"|"&INDIRECT("'Pull Sheet'!B13"),"")} | B11: =IF(AND($A11<>"",COUNTIF($A$5:$A11,$A11)=1),MAX($B$4:$B10)+1,"") | C11: {=IF($A11="","",N(INDIRECT("'Pull Sheet'!C13")))} | D11: =IF($B11="","",IF(IFERROR(VALUE(LEFT(LOWER(LEFT($A11,FIND("|",$A11)-1)),3)),IFERROR(VALUE(LEFT(LOWER(LEFT($A11,FIND("|",$A11)-1)),2)),IFERROR(VALUE(LEFT(LOWER(LEFT($A11,FIND("|",$A11)-1)),1)),-1)))>=0,TEXT(IFERROR(VALUE(LEFT(LOWER(LEFT($A11,FIND("|",$A11)-1)),3)),IFERROR(VALUE(LEFT(LOWER(LEFT($A11,FIND("|",$A11)-1)),2)),IFERROR(VALUE(LEFT(LOWER(LEFT($A11,FIND("|",$A11)-1)),1)),-1))),"000000")&MID(LOWER(LEFT($A11,FIND("|",$A11)-1)),LEN(TEXT(IFERROR(VALUE(LEFT(LOWER(LEFT($A11,FIND("|",$A11)-1)),3)),IFERROR(VALUE(LEFT(LOWER(LEFT($A11,FIND("|",$A11)-1)),2)),IFERROR(VALUE(LEFT(LOWER(LEFT($A11,FIND("|",$A11)-1)),1)),-1))),"0"))+1,99),LOWER(LEFT($A11,FIND("|",$A11)-1)))&CHAR(9)&TEXT(IF(SUBSTITUTE(MID($A11,FIND("|",$A11)+1,50),"'","")="",0,IFERROR(VALUE(SUBSTITUTE(MID($A11,FIND("|",$A11)+1,50),"'","")),999999)),"000000")&CHAR(9)&TEXT($B11,"0000")) | E11: =IF($D11="","",SUMPRODUCT(($D$5:$D$364<>"")*($D$5:$D$364<$D11))+1)
A12: {=IF(N(INDIRECT("'Pull Sheet'!C14"))>0,INDIRECT("'Pull Sheet'!A14")&"|"&INDIRECT("'Pull Sheet'!B14"),"")} | B12: =IF(AND($A12<>"",COUNTIF($A$5:$A12,$A12)=1),MAX($B$4:$B11)+1,"") | C12: {=IF($A12="","",N(INDIRECT("'Pull Sheet'!C14")))} | D12: =IF($B12="","",IF(IFERROR(VALUE(LEFT(LOWER(LEFT($A12,FIND("|",$A12)-1)),3)),IFERROR(VALUE(LEFT(LOWER(LEFT($A12,FIND("|",$A12)-1)),2)),IFERROR(VALUE(LEFT(LOWER(LEFT($A12,FIND("|",$A12)-1)),1)),-1)))>=0,TEXT(IFERROR(VALUE(LEFT(LOWER(LEFT($A12,FIND("|",$A12)-1)),3)),IFERROR(VALUE(LEFT(LOWER(LEFT($A12,FIND("|",$A12)-1)),2)),IFERROR(VALUE(LEFT(LOWER(LEFT($A12,FIND("|",$A12)-1)),1)),-1))),"000000")&MID(LOWER(LEFT($A12,FIND("|",$A12)-1)),LEN(TEXT(IFERROR(VALUE(LEFT(LOWER(LEFT($A12,FIND("|",$A12)-1)),3)),IFERROR(VALUE(LEFT(LOWER(LEFT($A12,FIND("|",$A12)-1)),2)),IFERROR(VALUE(LEFT(LOWER(LEFT($A12,FIND("|",$A12)-1)),1)),-1))),"0"))+1,99),LOWER(LEFT($A12,FIND("|",$A12)-1)))&CHAR(9)&TEXT(IF(SUBSTITUTE(MID($A12,FIND("|",$A12)+1,50),"'","")="",0,IFERROR(VALUE(SUBSTITUTE(MID($A12,FIND("|",$A12)+1,50),"'","")),999999)),"000000")&CHAR(9)&TEXT($B12,"0000")) | E12: =IF($D12="","",SUMPRODUCT(($D$5:$D$364<>"")*($D$5:$D$364<$D12))+1)
A13: {=IF(N(INDIRECT("'Pull Sheet'!C15"))>0,INDIRECT("'Pull Sheet'!A15")&"|"&INDIRECT("'Pull Sheet'!B15"),"")} | B13: =IF(AND($A13<>"",COUNTIF($A$5:$A13,$A13)=1),MAX($B$4:$B12)+1,"") | C13: {=IF($A13="","",N(INDIRECT("'Pull Sheet'!C15")))} | D13: =IF($B13="","",IF(IFERROR(VALUE(LEFT(LOWER(LEFT($A13,FIND("|",$A13)-1)),3)),IFERROR(VALUE(LEFT(LOWER(LEFT($A13,FIND("|",$A13)-1)),2)),IFERROR(VALUE(LEFT(LOWER(LEFT($A13,FIND("|",$A13)-1)),1)),-1)))>=0,TEXT(IFERROR(VALUE(LEFT(LOWER(LEFT($A13,FIND("|",$A13)-1)),3)),IFERROR(VALUE(LEFT(LOWER(LEFT($A13,FIND("|",$A13)-1)),2)),IFERROR(VALUE(LEFT(LOWER(LEFT($A13,FIND("|",$A13)-1)),1)),-1))),"000000")&MID(LOWER(LEFT($A13,FIND("|",$A13)-1)),LEN(TEXT(IFERROR(VALUE(LEFT(LOWER(LEFT($A13,FIND("|",$A13)-1)),3)),IFERROR(VALUE(LEFT(LOWER(LEFT($A13,FIND("|",$A13)-1)),2)),IFERROR(VALUE(LEFT(LOWER(LEFT($A13,FIND("|",$A13)-1)),1)),-1))),"0"))+1,99),LOWER(LEFT($A13,FIND("|",$A13)-1)))&CHAR(9)&TEXT(IF(SUBSTITUTE(MID($A13,FIND("|",$A13)+1,50),"'","")="",0,IFERROR(VALUE(SUBSTITUTE(MID($A13,FIND("|",$A13)+1,50),"'","")),999999)),"000000")&CHAR(9)&TEXT($B13,"0000")) | E13: =IF($D13="","",SUMPRODUCT(($D$5:$D$364<>"")*($D$5:$D$364<$D13))+1)
A14: {=IF(N(INDIRECT("'Pull Sheet'!C16"))>0,INDIRECT("'Pull Sheet'!A16")&"|"&INDIRECT("'Pull Sheet'!B16"),"")} | B14: =IF(AND($A14<>"",COUNTIF($A$5:$A14,$A14)=1),MAX($B$4:$B13)+1,"") | C14: {=IF($A14="","",N(INDIRECT("'Pull Sheet'!C16")))} | D14: =IF($B14="","",IF(IFERROR(VALUE(LEFT(LOWER(LEFT($A14,FIND("|",$A14)-1)),3)),IFERROR(VALUE(LEFT(LOWER(LEFT($A14,FIND("|",$A14)-1)),2)),IFERROR(VALUE(LEFT(LOWER(LEFT($A14,FIND("|",$A14)-1)),1)),-1)))>=0,TEXT(IFERROR(VALUE(LEFT(LOWER(LEFT($A14,FIND("|",$A14)-1)),3)),IFERROR(VALUE(LEFT(LOWER(LEFT($A14,FIND("|",$A14)-1)),2)),IFERROR(VALUE(LEFT(LOWER(LEFT($A14,FIND("|",$A14)-1)),1)),-1))),"000000")&MID(LOWER(LEFT($A14,FIND("|",$A14)-1)),LEN(TEXT(IFERROR(VALUE(LEFT(LOWER(LEFT($A14,FIND("|",$A14)-1)),3)),IFERROR(VALUE(LEFT(LOWER(LEFT($A14,FIND("|",$A14)-1)),2)),IFERROR(VALUE(LEFT(LOWER(LEFT($A14,FIND("|",$A14)-1)),1)),-1))),"0"))+1,99),LOWER(LEFT($A14,FIND("|",$A14)-1)))&CHAR(9)&TEXT(IF(SUBSTITUTE(MID($A14,FIND("|",$A14)+1,50),"'","")="",0,IFERROR(VALUE(SUBSTITUTE(MID($A14,FIND("|",$A14)+1,50),"'","")),999999)),"000000")&CHAR(9)&TEXT($B14,"0000")) | E14: =IF($D14="","",SUMPRODUCT(($D$5:$D$364<>"")*($D$5:$D$364<$D14))+1)
A15: {=IF(N(INDIRECT("'Pull Sheet'!C17"))>0,INDIRECT("'Pull Sheet'!A17")&"|"&INDIRECT("'Pull Sheet'!B17"),"")} | B15: =IF(AND($A15<>"",COUNTIF($A$5:$A15,$A15)=1),MAX($B$4:$B14)+1,"") | C15: {=IF($A15="","",N(INDIRECT("'Pull Sheet'!C17")))} | D15: =IF($B15="","",IF(IFERROR(VALUE(LEFT(LOWER(LEFT($A15,FIND("|",$A15)-1)),3)),IFERROR(VALUE(LEFT(LOWER(LEFT($A15,FIND("|",$A15)-1)),2)),IFERROR(VALUE(LEFT(LOWER(LEFT($A15,FIND("|",$A15)-1)),1)),-1)))>=0,TEXT(IFERROR(VALUE(LEFT(LOWER(LEFT($A15,FIND("|",$A15)-1)),3)),IFERROR(VALUE(LEFT(LOWER(LEFT($A15,FIND("|",$A15)-1)),2)),IFERROR(VALUE(LEFT(LOWER(LEFT($A15,FIND("|",$A15)-1)),1)),-1))),"000000")&MID(LOWER(LEFT($A15,FIND("|",$A15)-1)),LEN(TEXT(IFERROR(VALUE(LEFT(LOWER(LEFT($A15,FIND("|",$A15)-1)),3)),IFERROR(VALUE(LEFT(LOWER(LEFT($A15,FIND("|",$A15)-1)),2)),IFERROR(VALUE(LEFT(LOWER(LEFT($A15,FIND("|",$A15)-1)),1)),-1))),"0"))+1,99),LOWER(LEFT($A15,FIND("|",$A15)-1)))&CHAR(9)&TEXT(IF(SUBSTITUTE(MID($A15,FIND("|",$A15)+1,50),"'","")="",0,IFERROR(VALUE(SUBSTITUTE(MID($A15,FIND("|",$A15)+1,50),"'","")),999999)),"000000")&CHAR(9)&TEXT($B15,"0000")) | E15: =IF($D15="","",SUMPRODUCT(($D$5:$D$364<>"")*($D$5:$D$364<$D15))+1)
A16: {=IF(N(INDIRECT("'Pull Sheet'!C18"))>0,INDIRECT("'Pull Sheet'!A18")&"|"&INDIRECT("'Pull Sheet'!B18"),"")} | B16: =IF(AND($A16<>"",COUNTIF($A$5:$A16,$A16)=1),MAX($B$4:$B15)+1,"") | C16: {=IF($A16="","",N(INDIRECT("'Pull Sheet'!C18")))} | D16: =IF($B16="","",IF(IFERROR(VALUE(LEFT(LOWER(LEFT($A16,FIND("|",$A16)-1)),3)),IFERROR(VALUE(LEFT(LOWER(LEFT($A16,FIND("|",$A16)-1)),2)),IFERROR(VALUE(LEFT(LOWER(LEFT($A16,FIND("|",$A16)-1)),1)),-1)))>=0,TEXT(IFERROR(VALUE(LEFT(LOWER(LEFT($A16,FIND("|",$A16)-1)),3)),IFERROR(VALUE(LEFT(LOWER(LEFT($A16,FIND("|",$A16)-1)),2)),IFERROR(VALUE(LEFT(LOWER(LEFT($A16,FIND("|",$A16)-1)),1)),-1))),"000000")&MID(LOWER(LEFT($A16,FIND("|",$A16)-1)),LEN(TEXT(IFERROR(VALUE(LEFT(LOWER(LEFT($A16,FIND("|",$A16)-1)),3)),IFERROR(VALUE(LEFT(LOWER(LEFT($A16,FIND("|",$A16)-1)),2)),IFERROR(VALUE(LEFT(LOWER(LEFT($A16,FIND("|",$A16)-1)),1)),-1))),"0"))+1,99),LOWER(LEFT($A16,FIND("|",$A16)-1)))&CHAR(9)&TEXT(IF(SUBSTITUTE(MID($A16,FIND("|",$A16)+1,50),"'","")="",0,IFERROR(VALUE(SUBSTITUTE(MID($A16,FIND("|",$A16)+1,50),"'","")),999999)),"000000")&CHAR(9)&TEXT($B16,"0000")) | E16: =IF($D16="","",SUMPRODUCT(($D$5:$D$364<>"")*($D$5:$D$364<$D16))+1)
A17: {=IF(N(INDIRECT("'Pull Sheet'!C19"))>0,INDIRECT("'Pull Sheet'!A19")&"|"&INDIRECT("'Pull Sheet'!B19"),"")} | B17: =IF(AND($A17<>"",COUNTIF($A$5:$A17,$A17)=1),MAX($B$4:$B16)+1,"") | C17: {=IF($A17="","",N(INDIRECT("'Pull Sheet'!C19")))} | D17: =IF($B17="","",IF(IFERROR(VALUE(LEFT(LOWER(LEFT($A17,FIND("|",$A17)-1)),3)),IFERROR(VALUE(LEFT(LOWER(LEFT($A17,FIND("|",$A17)-1)),2)),IFERROR(VALUE(LEFT(LOWER(LEFT($A17,FIND("|",$A17)-1)),1)),-1)))>=0,TEXT(IFERROR(VALUE(LEFT(LOWER(LEFT($A17,FIND("|",$A17)-1)),3)),IFERROR(VALUE(LEFT(LOWER(LEFT($A17,FIND("|",$A17)-1)),2)),IFERROR(VALUE(LEFT(LOWER(LEFT($A17,FIND("|",$A17)-1)),1)),-1))),"000000")&MID(LOWER(LEFT($A17,FIND("|",$A17)-1)),LEN(TEXT(IFERROR(VALUE(LEFT(LOWER(LEFT($A17,FIND("|",$A17)-1)),3)),IFERROR(VALUE(LEFT(LOWER(LEFT($A17,FIND("|",$A17)-1)),2)),IFERROR(VALUE(LEFT(LOWER(LEFT($A17,FIND("|",$A17)-1)),1)),-1))),"0"))+1,99),LOWER(LEFT($A17,FIND("|",$A17)-1)))&CHAR(9)&TEXT(IF(SUBSTITUTE(MID($A17,FIND("|",$A17)+1,50),"'","")="",0,IFERROR(VALUE(SUBSTITUTE(MID($A17,FIND("|",$A17)+1,50),"'","")),999999)),"000000")&CHAR(9)&TEXT($B17,"0000")) | E17: =IF($D17="","",SUMPRODUCT(($D$5:$D$364<>"")*($D$5:$D$364<$D17))+1)
A18: {=IF(N(INDIRECT("'Pull Sheet'!C20"))>0,INDIRECT("'Pull Sheet'!A20")&"|"&INDIRECT("'Pull Sheet'!B20"),"")} | B18: =IF(AND($A18<>"",COUNTIF($A$5:$A18,$A18)=1),MAX($B$4:$B17)+1,"") | C18: {=IF($A18="","",N(INDIRECT("'Pull Sheet'!C20")))} | D18: =IF($B18="","",IF(IFERROR(VALUE(LEFT(LOWER(LEFT($A18,FIND("|",$A18)-1)),3)),IFERROR(VALUE(LEFT(LOWER(LEFT($A18,FIND("|",$A18)-1)),2)),IFERROR(VALUE(LEFT(LOWER(LEFT($A18,FIND("|",$A18)-1)),1)),-1)))>=0,TEXT(IFERROR(VALUE(LEFT(LOWER(LEFT($A18,FIND("|",$A18)-1)),3)),IFERROR(VALUE(LEFT(LOWER(LEFT($A18,FIND("|",$A18)-1)),2)),IFERROR(VALUE(LEFT(LOWER(LEFT($A18,FIND("|",$A18)-1)),1)),-1))),"000000")&MID(LOWER(LEFT($A18,FIND("|",$A18)-1)),LEN(TEXT(IFERROR(VALUE(LEFT(LOWER(LEFT($A18,FIND("|",$A18)-1)),3)),IFERROR(VALUE(LEFT(LOWER(LEFT($A18,FIND("|",$A18)-1)),2)),IFERROR(VALUE(LEFT(LOWER(LEFT($A18,FIND("|",$A18)-1)),1)),-1))),"0"))+1,99),LOWER(LEFT($A18,FIND("|",$A18)-1)))&CHAR(9)&TEXT(IF(SUBSTITUTE(MID($A18,FIND("|",$A18)+1,50),"'","")="",0,IFERROR(VALUE(SUBSTITUTE(MID($A18,FIND("|",$A18)+1,50),"'","")),999999)),"000000")&CHAR(9)&TEXT($B18,"0000")) | E18: =IF($D18="","",SUMPRODUCT(($D$5:$D$364<>"")*($D$5:$D$364<$D18))+1)
A19: {=IF(N(INDIRECT("'Pull Sheet'!C21"))>0,INDIRECT("'Pull Sheet'!A21")&"|"&INDIRECT("'Pull Sheet'!B21"),"")} | B19: =IF(AND($A19<>"",COUNTIF($A$5:$A19,$A19)=1),MAX($B$4:$B18)+1,"") | C19: {=IF($A19="","",N(INDIRECT("'Pull Sheet'!C21")))} | D19: =IF($B19="","",IF(IFERROR(VALUE(LEFT(LOWER(LEFT($A19,FIND("|",$A19)-1)),3)),IFERROR(VALUE(LEFT(LOWER(LEFT($A19,FIND("|",$A19)-1)),2)),IFERROR(VALUE(LEFT(LOWER(LEFT($A19,FIND("|",$A19)-1)),1)),-1)))>=0,TEXT(IFERROR(VALUE(LEFT(LOWER(LEFT($A19,FIND("|",$A19)-1)),3)),IFERROR(VALUE(LEFT(LOWER(LEFT($A19,FIND("|",$A19)-1)),2)),IFERROR(VALUE(LEFT(LOWER(LEFT($A19,FIND("|",$A19)-1)),1)),-1))),"000000")&MID(LOWER(LEFT($A19,FIND("|",$A19)-1)),LEN(TEXT(IFERROR(VALUE(LEFT(LOWER(LEFT($A19,FIND("|",$A19)-1)),3)),IFERROR(VALUE(LEFT(LOWER(LEFT($A19,FIND("|",$A19)-1)),2)),IFERROR(VALUE(LEFT(LOWER(LEFT($A19,FIND("|",$A19)-1)),1)),-1))),"0"))+1,99),LOWER(LEFT($A19,FIND("|",$A19)-1)))&CHAR(9)&TEXT(IF(SUBSTITUTE(MID($A19,FIND("|",$A19)+1,50),"'","")="",0,IFERROR(VALUE(SUBSTITUTE(MID($A19,FIND("|",$A19)+1,50),"'","")),999999)),"000000")&CHAR(9)&TEXT($B19,"0000")) | E19: =IF($D19="","",SUMPRODUCT(($D$5:$D$364<>"")*($D$5:$D$364<$D19))+1)
A20: {=IF(N(INDIRECT("'Pull Sheet'!C22"))>0,INDIRECT("'Pull Sheet'!A22")&"|"&INDIRECT("'Pull Sheet'!B22"),"")} | B20: =IF(AND($A20<>"",COUNTIF($A$5:$A20,$A20)=1),MAX($B$4:$B19)+1,"") | C20: {=IF($A20="","",N(INDIRECT("'Pull Sheet'!C22")))} | D20: =IF($B20="","",IF(IFERROR(VALUE(LEFT(LOWER(LEFT($A20,FIND("|",$A20)-1)),3)),IFERROR(VALUE(LEFT(LOWER(LEFT($A20,FIND("|",$A20)-1)),2)),IFERROR(VALUE(LEFT(LOWER(LEFT($A20,FIND("|",$A20)-1)),1)),-1)))>=0,TEXT(IFERROR(VALUE(LEFT(LOWER(LEFT($A20,FIND("|",$A20)-1)),3)),IFERROR(VALUE(LEFT(LOWER(LEFT($A20,FIND("|",$A20)-1)),2)),IFERROR(VALUE(LEFT(LOWER(LEFT($A20,FIND("|",$A20)-1)),1)),-1))),"000000")&MID(LOWER(LEFT($A20,FIND("|",$A20)-1)),LEN(TEXT(IFERROR(VALUE(LEFT(LOWER(LEFT($A20,FIND("|",$A20)-1)),3)),IFERROR(VALUE(LEFT(LOWER(LEFT($A20,FIND("|",$A20)-1)),2)),IFERROR(VALUE(LEFT(LOWER(LEFT($A20,FIND("|",$A20)-1)),1)),-1))),"0"))+1,99),LOWER(LEFT($A20,FIND("|",$A20)-1)))&CHAR(9)&TEXT(IF(SUBSTITUTE(MID($A20,FIND("|",$A20)+1,50),"'","")="",0,IFERROR(VALUE(SUBSTITUTE(MID($A20,FIND("|",$A20)+1,50),"'","")),999999)),"000000")&CHAR(9)&TEXT($B20,"0000")) | E20: =IF($D20="","",SUMPRODUCT(($D$5:$D$364<>"")*($D$5:$D$364<$D20))+1)
A21: {=IF(N(INDIRECT("'Pull Sheet'!C23"))>0,INDIRECT("'Pull Sheet'!A23")&"|"&INDIRECT("'Pull Sheet'!B23"),"")} | B21: =IF(AND($A21<>"",COUNTIF($A$5:$A21,$A21)=1),MAX($B$4:$B20)+1,"") | C21: {=IF($A21="","",N(INDIRECT("'Pull Sheet'!C23")))} | D21: =IF($B21="","",IF(IFERROR(VALUE(LEFT(LOWER(LEFT($A21,FIND("|",$A21)-1)),3)),IFERROR(VALUE(LEFT(LOWER(LEFT($A21,FIND("|",$A21)-1)),2)),IFERROR(VALUE(LEFT(LOWER(LEFT($A21,FIND("|",$A21)-1)),1)),-1)))>=0,TEXT(IFERROR(VALUE(LEFT(LOWER(LEFT($A21,FIND("|",$A21)-1)),3)),IFERROR(VALUE(LEFT(LOWER(LEFT($A21,FIND("|",$A21)-1)),2)),IFERROR(VALUE(LEFT(LOWER(LEFT($A21,FIND("|",$A21)-1)),1)),-1))),"000000")&MID(LOWER(LEFT($A21,FIND("|",$A21)-1)),LEN(TEXT(IFERROR(VALUE(LEFT(LOWER(LEFT($A21,FIND("|",$A21)-1)),3)),IFERROR(VALUE(LEFT(LOWER(LEFT($A21,FIND("|",$A21)-1)),2)),IFERROR(VALUE(LEFT(LOWER(LEFT($A21,FIND("|",$A21)-1)),1)),-1))),"0"))+1,99),LOWER(LEFT($A21,FIND("|",$A21)-1)))&CHAR(9)&TEXT(IF(SUBSTITUTE(MID($A21,FIND("|",$A21)+1,50),"'","")="",0,IFERROR(VALUE(SUBSTITUTE(MID($A21,FIND("|",$A21)+1,50),"'","")),999999)),"000000")&CHAR(9)&TEXT($B21,"0000")) | E21: =IF($D21="","",SUMPRODUCT(($D$5:$D$364<>"")*($D$5:$D$364<$D21))+1)
A22: {=IF(N(INDIRECT("'Pull Sheet'!C24"))>0,INDIRECT("'Pull Sheet'!A24")&"|"&INDIRECT("'Pull Sheet'!B24"),"")} | B22: =IF(AND($A22<>"",COUNTIF($A$5:$A22,$A22)=1),MAX($B$4:$B21)+1,"") | C22: {=IF($A22="","",N(INDIRECT("'Pull Sheet'!C24")))} | D22: =IF($B22="","",IF(IFERROR(VALUE(LEFT(LOWER(LEFT($A22,FIND("|",$A22)-1)),3)),IFERROR(VALUE(LEFT(LOWER(LEFT($A22,FIND("|",$A22)-1)),2)),IFERROR(VALUE(LEFT(LOWER(LEFT($A22,FIND("|",$A22)-1)),1)),-1)))>=0,TEXT(IFERROR(VALUE(LEFT(LOWER(LEFT($A22,FIND("|",$A22)-1)),3)),IFERROR(VALUE(LEFT(LOWER(LEFT($A22,FIND("|",$A22)-1)),2)),IFERROR(VALUE(LEFT(LOWER(LEFT($A22,FIND("|",$A22)-1)),1)),-1))),"000000")&MID(LOWER(LEFT($A22,FIND("|",$A22)-1)),LEN(TEXT(IFERROR(VALUE(LEFT(LOWER(LEFT($A22,FIND("|",$A22)-1)),3)),IFERROR(VALUE(LEFT(LOWER(LEFT($A22,FIND("|",$A22)-1)),2)),IFERROR(VALUE(LEFT(LOWER(LEFT($A22,FIND("|",$A22)-1)),1)),-1))),"0"))+1,99),LOWER(LEFT($A22,FIND("|",$A22)-1)))&CHAR(9)&TEXT(IF(SUBSTITUTE(MID($A22,FIND("|",$A22)+1,50),"'","")="",0,IFERROR(VALUE(SUBSTITUTE(MID($A22,FIND("|",$A22)+1,50),"'","")),999999)),"000000")&CHAR(9)&TEXT($B22,"0000")) | E22: =IF($D22="","",SUMPRODUCT(($D$5:$D$364<>"")*($D$5:$D$364<$D22))+1)
A23: {=IF(N(INDIRECT("'Pull Sheet'!C25"))>0,INDIRECT("'Pull Sheet'!A25")&"|"&INDIRECT("'Pull Sheet'!B25"),"")} | B23: =IF(AND($A23<>"",COUNTIF($A$5:$A23,$A23)=1),MAX($B$4:$B22)+1,"") | C23: {=IF($A23="","",N(INDIRECT("'Pull Sheet'!C25")))} | D23: =IF($B23="","",IF(IFERROR(VALUE(LEFT(LOWER(LEFT($A23,FIND("|",$A23)-1)),3)),IFERROR(VALUE(LEFT(LOWER(LEFT($A23,FIND("|",$A23)-1)),2)),IFERROR(VALUE(LEFT(LOWER(LEFT($A23,FIND("|",$A23)-1)),1)),-1)))>=0,TEXT(IFERROR(VALUE(LEFT(LOWER(LEFT($A23,FIND("|",$A23)-1)),3)),IFERROR(VALUE(LEFT(LOWER(LEFT($A23,FIND("|",$A23)-1)),2)),IFERROR(VALUE(LEFT(LOWER(LEFT($A23,FIND("|",$A23)-1)),1)),-1))),"000000")&MID(LOWER(LEFT($A23,FIND("|",$A23)-1)),LEN(TEXT(IFERROR(VALUE(LEFT(LOWER(LEFT($A23,FIND("|",$A23)-1)),3)),IFERROR(VALUE(LEFT(LOWER(LEFT($A23,FIND("|",$A23)-1)),2)),IFERROR(VALUE(LEFT(LOWER(LEFT($A23,FIND("|",$A23)-1)),1)),-1))),"0"))+1,99),LOWER(LEFT($A23,FIND("|",$A23)-1)))&CHAR(9)&TEXT(IF(SUBSTITUTE(MID($A23,FIND("|",$A23)+1,50),"'","")="",0,IFERROR(VALUE(SUBSTITUTE(MID($A23,FIND("|",$A23)+1,50),"'","")),999999)),"000000")&CHAR(9)&TEXT($B23,"0000")) | E23: =IF($D23="","",SUMPRODUCT(($D$5:$D$364<>"")*($D$5:$D$364<$D23))+1)
A24: {=IF(N(INDIRECT("'Pull Sheet'!C26"))>0,INDIRECT("'Pull Sheet'!A26")&"|"&INDIRECT("'Pull Sheet'!B26"),"")} | B24: =IF(AND($A24<>"",COUNTIF($A$5:$A24,$A24)=1),MAX($B$4:$B23)+1,"") | C24: {=IF($A24="","",N(INDIRECT("'Pull Sheet'!C26")))} | D24: =IF($B24="","",IF(IFERROR(VALUE(LEFT(LOWER(LEFT($A24,FIND("|",$A24)-1)),3)),IFERROR(VALUE(LEFT(LOWER(LEFT($A24,FIND("|",$A24)-1)),2)),IFERROR(VALUE(LEFT(LOWER(LEFT($A24,FIND("|",$A24)-1)),1)),-1)))>=0,TEXT(IFERROR(VALUE(LEFT(LOWER(LEFT($A24,FIND("|",$A24)-1)),3)),IFERROR(VALUE(LEFT(LOWER(LEFT($A24,FIND("|",$A24)-1)),2)),IFERROR(VALUE(LEFT(LOWER(LEFT($A24,FIND("|",$A24)-1)),1)),-1))),"000000")&MID(LOWER(LEFT($A24,FIND("|",$A24)-1)),LEN(TEXT(IFERROR(VALUE(LEFT(LOWER(LEFT($A24,FIND("|",$A24)-1)),3)),IFERROR(VALUE(LEFT(LOWER(LEFT($A24,FIND("|",$A24)-1)),2)),IFERROR(VALUE(LEFT(LOWER(LEFT($A24,FIND("|",$A24)-1)),1)),-1))),"0"))+1,99),LOWER(LEFT($A24,FIND("|",$A24)-1)))&CHAR(9)&TEXT(IF(SUBSTITUTE(MID($A24,FIND("|",$A24)+1,50),"'","")="",0,IFERROR(VALUE(SUBSTITUTE(MID($A24,FIND("|",$A24)+1,50),"'","")),999999)),"000000")&CHAR(9)&TEXT($B24,"0000")) | E24: =IF($D24="","",SUMPRODUCT(($D$5:$D$364<>"")*($D$5:$D$364<$D24))+1)
A25: {=IF(N(INDIRECT("'Pull Sheet'!C27"))>0,INDIRECT("'Pull Sheet'!A27")&"|"&INDIRECT("'Pull Sheet'!B27"),"")} | B25: =IF(AND($A25<>"",COUNTIF($A$5:$A25,$A25)=1),MAX($B$4:$B24)+1,"") | C25: {=IF($A25="","",N(INDIRECT("'Pull Sheet'!C27")))} | D25: =IF($B25="","",IF(IFERROR(VALUE(LEFT(LOWER(LEFT($A25,FIND("|",$A25)-1)),3)),IFERROR(VALUE(LEFT(LOWER(LEFT($A25,FIND("|",$A25)-1)),2)),IFERROR(VALUE(LEFT(LOWER(LEFT($A25,FIND("|",$A25)-1)),1)),-1)))>=0,TEXT(IFERROR(VALUE(LEFT(LOWER(LEFT($A25,FIND("|",$A25)-1)),3)),IFERROR(VALUE(LEFT(LOWER(LEFT($A25,FIND("|",$A25)-1)),2)),IFERROR(VALUE(LEFT(LOWER(LEFT($A25,FIND("|",$A25)-1)),1)),-1))),"000000")&MID(LOWER(LEFT($A25,FIND("|",$A25)-1)),LEN(TEXT(IFERROR(VALUE(LEFT(LOWER(LEFT($A25,FIND("|",$A25)-1)),3)),IFERROR(VALUE(LEFT(LOWER(LEFT($A25,FIND("|",$A25)-1)),2)),IFERROR(VALUE(LEFT(LOWER(LEFT($A25,FIND("|",$A25)-1)),1)),-1))),"0"))+1,99),LOWER(LEFT($A25,FIND("|",$A25)-1)))&CHAR(9)&TEXT(IF(SUBSTITUTE(MID($A25,FIND("|",$A25)+1,50),"'","")="",0,IFERROR(VALUE(SUBSTITUTE(MID($A25,FIND("|",$A25)+1,50),"'","")),999999)),"000000")&CHAR(9)&TEXT($B25,"0000")) | E25: =IF($D25="","",SUMPRODUCT(($D$5:$D$364<>"")*($D$5:$D$364<$D25))+1)
A26: {=IF(N(INDIRECT("'Pull Sheet'!C28"))>0,INDIRECT("'Pull Sheet'!A28")&"|"&INDIRECT("'Pull Sheet'!B28"),"")} | B26: =IF(AND($A26<>"",COUNTIF($A$5:$A26,$A26)=1),MAX($B$4:$B25)+1,"") | C26: {=IF($A26="","",N(INDIRECT("'Pull Sheet'!C28")))} | D26: =IF($B26="","",IF(IFERROR(VALUE(LEFT(LOWER(LEFT($A26,FIND("|",$A26)-1)),3)),IFERROR(VALUE(LEFT(LOWER(LEFT($A26,FIND("|",$A26)-1)),2)),IFERROR(VALUE(LEFT(LOWER(LEFT($A26,FIND("|",$A26)-1)),1)),-1)))>=0,TEXT(IFERROR(VALUE(LEFT(LOWER(LEFT($A26,FIND("|",$A26)-1)),3)),IFERROR(VALUE(LEFT(LOWER(LEFT($A26,FIND("|",$A26)-1)),2)),IFERROR(VALUE(LEFT(LOWER(LEFT($A26,FIND("|",$A26)-1)),1)),-1))),"000000")&MID(LOWER(LEFT($A26,FIND("|",$A26)-1)),LEN(TEXT(IFERROR(VALUE(LEFT(LOWER(LEFT($A26,FIND("|",$A26)-1)),3)),IFERROR(VALUE(LEFT(LOWER(LEFT($A26,FIND("|",$A26)-1)),2)),IFERROR(VALUE(LEFT(LOWER(LEFT($A26,FIND("|",$A26)-1)),1)),-1))),"0"))+1,99),LOWER(LEFT($A26,FIND("|",$A26)-1)))&CHAR(9)&TEXT(IF(SUBSTITUTE(MID($A26,FIND("|",$A26)+1,50),"'","")="",0,IFERROR(VALUE(SUBSTITUTE(MID($A26,FIND("|",$A26)+1,50),"'","")),999999)),"000000")&CHAR(9)&TEXT($B26,"0000")) | E26: =IF($D26="","",SUMPRODUCT(($D$5:$D$364<>"")*($D$5:$D$364<$D26))+1)
A27: {=IF(N(INDIRECT("'Pull Sheet'!C29"))>0,INDIRECT("'Pull Sheet'!A29")&"|"&INDIRECT("'Pull Sheet'!B29"),"")} | B27: =IF(AND($A27<>"",COUNTIF($A$5:$A27,$A27)=1),MAX($B$4:$B26)+1,"") | C27: {=IF($A27="","",N(INDIRECT("'Pull Sheet'!C29")))} | D27: =IF($B27="","",IF(IFERROR(VALUE(LEFT(LOWER(LEFT($A27,FIND("|",$A27)-1)),3)),IFERROR(VALUE(LEFT(LOWER(LEFT($A27,FIND("|",$A27)-1)),2)),IFERROR(VALUE(LEFT(LOWER(LEFT($A27,FIND("|",$A27)-1)),1)),-1)))>=0,TEXT(IFERROR(VALUE(LEFT(LOWER(LEFT($A27,FIND("|",$A27)-1)),3)),IFERROR(VALUE(LEFT(LOWER(LEFT($A27,FIND("|",$A27)-1)),2)),IFERROR(VALUE(LEFT(LOWER(LEFT($A27,FIND("|",$A27)-1)),1)),-1))),"000000")&MID(LOWER(LEFT($A27,FIND("|",$A27)-1)),LEN(TEXT(IFERROR(VALUE(LEFT(LOWER(LEFT($A27,FIND("|",$A27)-1)),3)),IFERROR(VALUE(LEFT(LOWER(LEFT($A27,FIND("|",$A27)-1)),2)),IFERROR(VALUE(LEFT(LOWER(LEFT($A27,FIND("|",$A27)-1)),1)),-1))),"0"))+1,99),LOWER(LEFT($A27,FIND("|",$A27)-1)))&CHAR(9)&TEXT(IF(SUBSTITUTE(MID($A27,FIND("|",$A27)+1,50),"'","")="",0,IFERROR(VALUE(SUBSTITUTE(MID($A27,FIND("|",$A27)+1,50),"'","")),999999)),"000000")&CHAR(9)&TEXT($B27,"0000")) | E27: =IF($D27="","",SUMPRODUCT(($D$5:$D$364<>"")*($D$5:$D$364<$D27))+1)
A28: {=IF(N(INDIRECT("'Pull Sheet'!C30"))>0,INDIRECT("'Pull Sheet'!A30")&"|"&INDIRECT("'Pull Sheet'!B30"),"")} | B28: =IF(AND($A28<>"",COUNTIF($A$5:$A28,$A28)=1),MAX($B$4:$B27)+1,"") | C28: {=IF($A28="","",N(INDIRECT("'Pull Sheet'!C30")))} | D28: =IF($B28="","",IF(IFERROR(VALUE(LEFT(LOWER(LEFT($A28,FIND("|",$A28)-1)),3)),IFERROR(VALUE(LEFT(LOWER(LEFT($A28,FIND("|",$A28)-1)),2)),IFERROR(VALUE(LEFT(LOWER(LEFT($A28,FIND("|",$A28)-1)),1)),-1)))>=0,TEXT(IFERROR(VALUE(LEFT(LOWER(LEFT($A28,FIND("|",$A28)-1)),3)),IFERROR(VALUE(LEFT(LOWER(LEFT($A28,FIND("|",$A28)-1)),2)),IFERROR(VALUE(LEFT(LOWER(LEFT($A28,FIND("|",$A28)-1)),1)),-1))),"000000")&MID(LOWER(LEFT($A28,FIND("|",$A28)-1)),LEN(TEXT(IFERROR(VALUE(LEFT(LOWER(LEFT($A28,FIND("|",$A28)-1)),3)),IFERROR(VALUE(LEFT(LOWER(LEFT($A28,FIND("|",$A28)-1)),2)),IFERROR(VALUE(LEFT(LOWER(LEFT($A28,FIND("|",$A28)-1)),1)),-1))),"0"))+1,99),LOWER(LEFT($A28,FIND("|",$A28)-1)))&CHAR(9)&TEXT(IF(SUBSTITUTE(MID($A28,FIND("|",$A28)+1,50),"'","")="",0,IFERROR(VALUE(SUBSTITUTE(MID($A28,FIND("|",$A28)+1,50),"'","")),999999)),"000000")&CHAR(9)&TEXT($B28,"0000")) | E28: =IF($D28="","",SUMPRODUCT(($D$5:$D$364<>"")*($D$5:$D$364<$D28))+1)
A29: {=IF(N(INDIRECT("'Pull Sheet'!C31"))>0,INDIRECT("'Pull Sheet'!A31")&"|"&INDIRECT("'Pull Sheet'!B31"),"")} | B29: =IF(AND($A29<>"",COUNTIF($A$5:$A29,$A29)=1),MAX($B$4:$B28)+1,"") | C29: {=IF($A29="","",N(INDIRECT("'Pull Sheet'!C31")))} | D29: =IF($B29="","",IF(IFERROR(VALUE(LEFT(LOWER(LEFT($A29,FIND("|",$A29)-1)),3)),IFERROR(VALUE(LEFT(LOWER(LEFT($A29,FIND("|",$A29)-1)),2)),IFERROR(VALUE(LEFT(LOWER(LEFT($A29,FIND("|",$A29)-1)),1)),-1)))>=0,TEXT(IFERROR(VALUE(LEFT(LOWER(LEFT($A29,FIND("|",$A29)-1)),3)),IFERROR(VALUE(LEFT(LOWER(LEFT($A29,FIND("|",$A29)-1)),2)),IFERROR(VALUE(LEFT(LOWER(LEFT($A29,FIND("|",$A29)-1)),1)),-1))),"000000")&MID(LOWER(LEFT($A29,FIND("|",$A29)-1)),LEN(TEXT(IFERROR(VALUE(LEFT(LOWER(LEFT($A29,FIND("|",$A29)-1)),3)),IFERROR(VALUE(LEFT(LOWER(LEFT($A29,FIND("|",$A29)-1)),2)),IFERROR(VALUE(LEFT(LOWER(LEFT($A29,FIND("|",$A29)-1)),1)),-1))),"0"))+1,99),LOWER(LEFT($A29,FIND("|",$A29)-1)))&CHAR(9)&TEXT(IF(SUBSTITUTE(MID($A29,FIND("|",$A29)+1,50),"'","")="",0,IFERROR(VALUE(SUBSTITUTE(MID($A29,FIND("|",$A29)+1,50),"'","")),999999)),"000000")&CHAR(9)&TEXT($B29,"0000")) | E29: =IF($D29="","",SUMPRODUCT(($D$5:$D$364<>"")*($D$5:$D$364<$D29))+1)
A30: {=IF(N(INDIRECT("'Pull Sheet'!C32"))>0,INDIRECT("'Pull Sheet'!A32")&"|"&INDIRECT("'Pull Sheet'!B32"),"")} | B30: =IF(AND($A30<>"",COUNTIF($A$5:$A30,$A30)=1),MAX($B$4:$B29)+1,"") | C30: {=IF($A30="","",N(INDIRECT("'Pull Sheet'!C32")))} | D30: =IF($B30="","",IF(IFERROR(VALUE(LEFT(LOWER(LEFT($A30,FIND("|",$A30)-1)),3)),IFERROR(VALUE(LEFT(LOWER(LEFT($A30,FIND("|",$A30)-1)),2)),IFERROR(VALUE(LEFT(LOWER(LEFT($A30,FIND("|",$A30)-1)),1)),-1)))>=0,TEXT(IFERROR(VALUE(LEFT(LOWER(LEFT($A30,FIND("|",$A30)-1)),3)),IFERROR(VALUE(LEFT(LOWER(LEFT($A30,FIND("|",$A30)-1)),2)),IFERROR(VALUE(LEFT(LOWER(LEFT($A30,FIND("|",$A30)-1)),1)),-1))),"000000")&MID(LOWER(LEFT($A30,FIND("|",$A30)-1)),LEN(TEXT(IFERROR(VALUE(LEFT(LOWER(LEFT($A30,FIND("|",$A30)-1)),3)),IFERROR(VALUE(LEFT(LOWER(LEFT($A30,FIND("|",$A30)-1)),2)),IFERROR(VALUE(LEFT(LOWER(LEFT($A30,FIND("|",$A30)-1)),1)),-1))),"0"))+1,99),LOWER(LEFT($A30,FIND("|",$A30)-1)))&CHAR(9)&TEXT(IF(SUBSTITUTE(MID($A30,FIND("|",$A30)+1,50),"'","")="",0,IFERROR(VALUE(SUBSTITUTE(MID($A30,FIND("|",$A30)+1,50),"'","")),999999)),"000000")&CHAR(9)&TEXT($B30,"0000")) | E30: =IF($D30="","",SUMPRODUCT(($D$5:$D$364<>"")*($D$5:$D$364<$D30))+1)
A31: {=IF(N(INDIRECT("'Pull Sheet'!C33"))>0,INDIRECT("'Pull Sheet'!A33")&"|"&INDIRECT("'Pull Sheet'!B33"),"")} | B31: =IF(AND($A31<>"",COUNTIF($A$5:$A31,$A31)=1),MAX($B$4:$B30)+1,"") | C31: {=IF($A31="","",N(INDIRECT("'Pull Sheet'!C33")))} | D31: =IF($B31="","",IF(IFERROR(VALUE(LEFT(LOWER(LEFT($A31,FIND("|",$A31)-1)),3)),IFERROR(VALUE(LEFT(LOWER(LEFT($A31,FIND("|",$A31)-1)),2)),IFERROR(VALUE(LEFT(LOWER(LEFT($A31,FIND("|",$A31)-1)),1)),-1)))>=0,TEXT(IFERROR(VALUE(LEFT(LOWER(LEFT($A31,FIND("|",$A31)-1)),3)),IFERROR(VALUE(LEFT(LOWER(LEFT($A31,FIND("|",$A31)-1)),2)),IFERROR(VALUE(LEFT(LOWER(LEFT($A31,FIND("|",$A31)-1)),1)),-1))),"000000")&MID(LOWER(LEFT($A31,FIND("|",$A31)-1)),LEN(TEXT(IFERROR(VALUE(LEFT(LOWER(LEFT($A31,FIND("|",$A31)-1)),3)),IFERROR(VALUE(LEFT(LOWER(LEFT($A31,FIND("|",$A31)-1)),2)),IFERROR(VALUE(LEFT(LOWER(LEFT($A31,FIND("|",$A31)-1)),1)),-1))),"0"))+1,99),LOWER(LEFT($A31,FIND("|",$A31)-1)))&CHAR(9)&TEXT(IF(SUBSTITUTE(MID($A31,FIND("|",$A31)+1,50),"'","")="",0,IFERROR(VALUE(SUBSTITUTE(MID($A31,FIND("|",$A31)+1,50),"'","")),999999)),"000000")&CHAR(9)&TEXT($B31,"0000")) | E31: =IF($D31="","",SUMPRODUCT(($D$5:$D$364<>"")*($D$5:$D$364<$D31))+1)
A32: {=IF(N(INDIRECT("'Pull Sheet'!C34"))>0,INDIRECT("'Pull Sheet'!A34")&"|"&INDIRECT("'Pull Sheet'!B34"),"")} | B32: =IF(AND($A32<>"",COUNTIF($A$5:$A32,$A32)=1),MAX($B$4:$B31)+1,"") | C32: {=IF($A32="","",N(INDIRECT("'Pull Sheet'!C34")))} | D32: =IF($B32="","",IF(IFERROR(VALUE(LEFT(LOWER(LEFT($A32,FIND("|",$A32)-1)),3)),IFERROR(VALUE(LEFT(LOWER(LEFT($A32,FIND("|",$A32)-1)),2)),IFERROR(VALUE(LEFT(LOWER(LEFT($A32,FIND("|",$A32)-1)),1)),-1)))>=0,TEXT(IFERROR(VALUE(LEFT(LOWER(LEFT($A32,FIND("|",$A32)-1)),3)),IFERROR(VALUE(LEFT(LOWER(LEFT($A32,FIND("|",$A32)-1)),2)),IFERROR(VALUE(LEFT(LOWER(LEFT($A32,FIND("|",$A32)-1)),1)),-1))),"000000")&MID(LOWER(LEFT($A32,FIND("|",$A32)-1)),LEN(TEXT(IFERROR(VALUE(LEFT(LOWER(LEFT($A32,FIND("|",$A32)-1)),3)),IFERROR(VALUE(LEFT(LOWER(LEFT($A32,FIND("|",$A32)-1)),2)),IFERROR(VALUE(LEFT(LOWER(LEFT($A32,FIND("|",$A32)-1)),1)),-1))),"0"))+1,99),LOWER(LEFT($A32,FIND("|",$A32)-1)))&CHAR(9)&TEXT(IF(SUBSTITUTE(MID($A32,FIND("|",$A32)+1,50),"'","")="",0,IFERROR(VALUE(SUBSTITUTE(MID($A32,FIND("|",$A32)+1,50),"'","")),999999)),"000000")&CHAR(9)&TEXT($B32,"0000")) | E32: =IF($D32="","",SUMPRODUCT(($D$5:$D$364<>"")*($D$5:$D$364<$D32))+1)
A33: {=IF(N(INDIRECT("'Pull Sheet'!C35"))>0,INDIRECT("'Pull Sheet'!A35")&"|"&INDIRECT("'Pull Sheet'!B35"),"")} | B33: =IF(AND($A33<>"",COUNTIF($A$5:$A33,$A33)=1),MAX($B$4:$B32)+1,"") | C33: {=IF($A33="","",N(INDIRECT("'Pull Sheet'!C35")))} | D33: =IF($B33="","",IF(IFERROR(VALUE(LEFT(LOWER(LEFT($A33,FIND("|",$A33)-1)),3)),IFERROR(VALUE(LEFT(LOWER(LEFT($A33,FIND("|",$A33)-1)),2)),IFERROR(VALUE(LEFT(LOWER(LEFT($A33,FIND("|",$A33)-1)),1)),-1)))>=0,TEXT(IFERROR(VALUE(LEFT(LOWER(LEFT($A33,FIND("|",$A33)-1)),3)),IFERROR(VALUE(LEFT(LOWER(LEFT($A33,FIND("|",$A33)-1)),2)),IFERROR(VALUE(LEFT(LOWER(LEFT($A33,FIND("|",$A33)-1)),1)),-1))),"000000")&MID(LOWER(LEFT($A33,FIND("|",$A33)-1)),LEN(TEXT(IFERROR(VALUE(LEFT(LOWER(LEFT($A33,FIND("|",$A33)-1)),3)),IFERROR(VALUE(LEFT(LOWER(LEFT($A33,FIND("|",$A33)-1)),2)),IFERROR(VALUE(LEFT(LOWER(LEFT($A33,FIND("|",$A33)-1)),1)),-1))),"0"))+1,99),LOWER(LEFT($A33,FIND("|",$A33)-1)))&CHAR(9)&TEXT(IF(SUBSTITUTE(MID($A33,FIND("|",$A33)+1,50),"'","")="",0,IFERROR(VALUE(SUBSTITUTE(MID($A33,FIND("|",$A33)+1,50),"'","")),999999)),"000000")&CHAR(9)&TEXT($B33,"0000")) | E33: =IF($D33="","",SUMPRODUCT(($D$5:$D$364<>"")*($D$5:$D$364<$D33))+1)
A34: {=IF(N(INDIRECT("'Pull Sheet'!C36"))>0,INDIRECT("'Pull Sheet'!A36")&"|"&INDIRECT("'Pull Sheet'!B36"),"")} | B34: =IF(AND($A34<>"",COUNTIF($A$5:$A34,$A34)=1),MAX($B$4:$B33)+1,"") | C34: {=IF($A34="","",N(INDIRECT("'Pull Sheet'!C36")))} | D34: =IF($B34="","",IF(IFERROR(VALUE(LEFT(LOWER(LEFT($A34,FIND("|",$A34)-1)),3)),IFERROR(VALUE(LEFT(LOWER(LEFT($A34,FIND("|",$A34)-1)),2)),IFERROR(VALUE(LEFT(LOWER(LEFT($A34,FIND("|",$A34)-1)),1)),-1)))>=0,TEXT(IFERROR(VALUE(LEFT(LOWER(LEFT($A34,FIND("|",$A34)-1)),3)),IFERROR(VALUE(LEFT(LOWER(LEFT($A34,FIND("|",$A34)-1)),2)),IFERROR(VALUE(LEFT(LOWER(LEFT($A34,FIND("|",$A34)-1)),1)),-1))),"000000")&MID(LOWER(LEFT($A34,FIND("|",$A34)-1)),LEN(TEXT(IFERROR(VALUE(LEFT(LOWER(LEFT($A34,FIND("|",$A34)-1)),3)),IFERROR(VALUE(LEFT(LOWER(LEFT($A34,FIND("|",$A34)-1)),2)),IFERROR(VALUE(LEFT(LOWER(LEFT($A34,FIND("|",$A34)-1)),1)),-1))),"0"))+1,99),LOWER(LEFT($A34,FIND("|",$A34)-1)))&CHAR(9)&TEXT(IF(SUBSTITUTE(MID($A34,FIND("|",$A34)+1,50),"'","")="",0,IFERROR(VALUE(SUBSTITUTE(MID($A34,FIND("|",$A34)+1,50),"'","")),999999)),"000000")&CHAR(9)&TEXT($B34,"0000")) | E34: =IF($D34="","",SUMPRODUCT(($D$5:$D$364<>"")*($D$5:$D$364<$D34))+1)
A35: {=IF(N(INDIRECT("'Pull Sheet'!C37"))>0,INDIRECT("'Pull Sheet'!A37")&"|"&INDIRECT("'Pull Sheet'!B37"),"")} | B35: =IF(AND($A35<>"",COUNTIF($A$5:$A35,$A35)=1),MAX($B$4:$B34)+1,"") | C35: {=IF($A35="","",N(INDIRECT("'Pull Sheet'!C37")))} | D35: =IF($B35="","",IF(IFERROR(VALUE(LEFT(LOWER(LEFT($A35,FIND("|",$A35)-1)),3)),IFERROR(VALUE(LEFT(LOWER(LEFT($A35,FIND("|",$A35)-1)),2)),IFERROR(VALUE(LEFT(LOWER(LEFT($A35,FIND("|",$A35)-1)),1)),-1)))>=0,TEXT(IFERROR(VALUE(LEFT(LOWER(LEFT($A35,FIND("|",$A35)-1)),3)),IFERROR(VALUE(LEFT(LOWER(LEFT($A35,FIND("|",$A35)-1)),2)),IFERROR(VALUE(LEFT(LOWER(LEFT($A35,FIND("|",$A35)-1)),1)),-1))),"000000")&MID(LOWER(LEFT($A35,FIND("|",$A35)-1)),LEN(TEXT(IFERROR(VALUE(LEFT(LOWER(LEFT($A35,FIND("|",$A35)-1)),3)),IFERROR(VALUE(LEFT(LOWER(LEFT($A35,FIND("|",$A35)-1)),2)),IFERROR(VALUE(LEFT(LOWER(LEFT($A35,FIND("|",$A35)-1)),1)),-1))),"0"))+1,99),LOWER(LEFT($A35,FIND("|",$A35)-1)))&CHAR(9)&TEXT(IF(SUBSTITUTE(MID($A35,FIND("|",$A35)+1,50),"'","")="",0,IFERROR(VALUE(SUBSTITUTE(MID($A35,FIND("|",$A35)+1,50),"'","")),999999)),"000000")&CHAR(9)&TEXT($B35,"0000")) | E35: =IF($D35="","",SUMPRODUCT(($D$5:$D$364<>"")*($D$5:$D$364<$D35))+1)
A36: {=IF(N(INDIRECT("'Pull Sheet'!C38"))>0,INDIRECT("'Pull Sheet'!A38")&"|"&INDIRECT("'Pull Sheet'!B38"),"")} | B36: =IF(AND($A36<>"",COUNTIF($A$5:$A36,$A36)=1),MAX($B$4:$B35)+1,"") | C36: {=IF($A36="","",N(INDIRECT("'Pull Sheet'!C38")))} | D36: =IF($B36="","",IF(IFERROR(VALUE(LEFT(LOWER(LEFT($A36,FIND("|",$A36)-1)),3)),IFERROR(VALUE(LEFT(LOWER(LEFT($A36,FIND("|",$A36)-1)),2)),IFERROR(VALUE(LEFT(LOWER(LEFT($A36,FIND("|",$A36)-1)),1)),-1)))>=0,TEXT(IFERROR(VALUE(LEFT(LOWER(LEFT($A36,FIND("|",$A36)-1)),3)),IFERROR(VALUE(LEFT(LOWER(LEFT($A36,FIND("|",$A36)-1)),2)),IFERROR(VALUE(LEFT(LOWER(LEFT($A36,FIND("|",$A36)-1)),1)),-1))),"000000")&MID(LOWER(LEFT($A36,FIND("|",$A36)-1)),LEN(TEXT(IFERROR(VALUE(LEFT(LOWER(LEFT($A36,FIND("|",$A36)-1)),3)),IFERROR(VALUE(LEFT(LOWER(LEFT($A36,FIND("|",$A36)-1)),2)),IFERROR(VALUE(LEFT(LOWER(LEFT($A36,FIND("|",$A36)-1)),1)),-1))),"0"))+1,99),LOWER(LEFT($A36,FIND("|",$A36)-1)))&CHAR(9)&TEXT(IF(SUBSTITUTE(MID($A36,FIND("|",$A36)+1,50),"'","")="",0,IFERROR(VALUE(SUBSTITUTE(MID($A36,FIND("|",$A36)+1,50),"'","")),999999)),"000000")&CHAR(9)&TEXT($B36,"0000")) | E36: =IF($D36="","",SUMPRODUCT(($D$5:$D$364<>"")*($D$5:$D$364<$D36))+1)
A37: {=IF(N(INDIRECT("'Pull Sheet'!C39"))>0,INDIRECT("'Pull Sheet'!A39")&"|"&INDIRECT("'Pull Sheet'!B39"),"")} | B37: =IF(AND($A37<>"",COUNTIF($A$5:$A37,$A37)=1),MAX($B$4:$B36)+1,"") | C37: {=IF($A37="","",N(INDIRECT("'Pull Sheet'!C39")))} | D37: =IF($B37="","",IF(IFERROR(VALUE(LEFT(LOWER(LEFT($A37,FIND("|",$A37)-1)),3)),IFERROR(VALUE(LEFT(LOWER(LEFT($A37,FIND("|",$A37)-1)),2)),IFERROR(VALUE(LEFT(LOWER(LEFT($A37,FIND("|",$A37)-1)),1)),-1)))>=0,TEXT(IFERROR(VALUE(LEFT(LOWER(LEFT($A37,FIND("|",$A37)-1)),3)),IFERROR(VALUE(LEFT(LOWER(LEFT($A37,FIND("|",$A37)-1)),2)),IFERROR(VALUE(LEFT(LOWER(LEFT($A37,FIND("|",$A37)-1)),1)),-1))),"000000")&MID(LOWER(LEFT($A37,FIND("|",$A37)-1)),LEN(TEXT(IFERROR(VALUE(LEFT(LOWER(LEFT($A37,FIND("|",$A37)-1)),3)),IFERROR(VALUE(LEFT(LOWER(LEFT($A37,FIND("|",$A37)-1)),2)),IFERROR(VALUE(LEFT(LOWER(LEFT($A37,FIND("|",$A37)-1)),1)),-1))),"0"))+1,99),LOWER(LEFT($A37,FIND("|",$A37)-1)))&CHAR(9)&TEXT(IF(SUBSTITUTE(MID($A37,FIND("|",$A37)+1,50),"'","")="",0,IFERROR(VALUE(SUBSTITUTE(MID($A37,FIND("|",$A37)+1,50),"'","")),999999)),"000000")&CHAR(9)&TEXT($B37,"0000")) | E37: =IF($D37="","",SUMPRODUCT(($D$5:$D$364<>"")*($D$5:$D$364<$D37))+1)
A38: {=IF(N(INDIRECT("'Pull Sheet'!C40"))>0,INDIRECT("'Pull Sheet'!A40")&"|"&INDIRECT("'Pull Sheet'!B40"),"")} | B38: =IF(AND($A38<>"",COUNTIF($A$5:$A38,$A38)=1),MAX($B$4:$B37)+1,"") | C38: {=IF($A38="","",N(INDIRECT("'Pull Sheet'!C40")))} | D38: =IF($B38="","",IF(IFERROR(VALUE(LEFT(LOWER(LEFT($A38,FIND("|",$A38)-1)),3)),IFERROR(VALUE(LEFT(LOWER(LEFT($A38,FIND("|",$A38)-1)),2)),IFERROR(VALUE(LEFT(LOWER(LEFT($A38,FIND("|",$A38)-1)),1)),-1)))>=0,TEXT(IFERROR(VALUE(LEFT(LOWER(LEFT($A38,FIND("|",$A38)-1)),3)),IFERROR(VALUE(LEFT(LOWER(LEFT($A38,FIND("|",$A38)-1)),2)),IFERROR(VALUE(LEFT(LOWER(LEFT($A38,FIND("|",$A38)-1)),1)),-1))),"000000")&MID(LOWER(LEFT($A38,FIND("|",$A38)-1)),LEN(TEXT(IFERROR(VALUE(LEFT(LOWER(LEFT($A38,FIND("|",$A38)-1)),3)),IFERROR(VALUE(LEFT(LOWER(LEFT($A38,FIND("|",$A38)-1)),2)),IFERROR(VALUE(LEFT(LOWER(LEFT($A38,FIND("|",$A38)-1)),1)),-1))),"0"))+1,99),LOWER(LEFT($A38,FIND("|",$A38)-1)))&CHAR(9)&TEXT(IF(SUBSTITUTE(MID($A38,FIND("|",$A38)+1,50),"'","")="",0,IFERROR(VALUE(SUBSTITUTE(MID($A38,FIND("|",$A38)+1,50),"'","")),999999)),"000000")&CHAR(9)&TEXT($B38,"0000")) | E38: =IF($D38="","",SUMPRODUCT(($D$5:$D$364<>"")*($D$5:$D$364<$D38))+1)
A39: {=IF(N(INDIRECT("'Pull Sheet'!C41"))>0,INDIRECT("'Pull Sheet'!A41")&"|"&INDIRECT("'Pull Sheet'!B41"),"")} | B39: =IF(AND($A39<>"",COUNTIF($A$5:$A39,$A39)=1),MAX($B$4:$B38)+1,"") | C39: {=IF($A39="","",N(INDIRECT("'Pull Sheet'!C41")))} | D39: =IF($B39="","",IF(IFERROR(VALUE(LEFT(LOWER(LEFT($A39,FIND("|",$A39)-1)),3)),IFERROR(VALUE(LEFT(LOWER(LEFT($A39,FIND("|",$A39)-1)),2)),IFERROR(VALUE(LEFT(LOWER(LEFT($A39,FIND("|",$A39)-1)),1)),-1)))>=0,TEXT(IFERROR(VALUE(LEFT(LOWER(LEFT($A39,FIND("|",$A39)-1)),3)),IFERROR(VALUE(LEFT(LOWER(LEFT($A39,FIND("|",$A39)-1)),2)),IFERROR(VALUE(LEFT(LOWER(LEFT($A39,FIND("|",$A39)-1)),1)),-1))),"000000")&MID(LOWER(LEFT($A39,FIND("|",$A39)-1)),LEN(TEXT(IFERROR(VALUE(LEFT(LOWER(LEFT($A39,FIND("|",$A39)-1)),3)),IFERROR(VALUE(LEFT(LOWER(LEFT($A39,FIND("|",$A39)-1)),2)),IFERROR(VALUE(LEFT(LOWER(LEFT($A39,FIND("|",$A39)-1)),1)),-1))),"0"))+1,99),LOWER(LEFT($A39,FIND("|",$A39)-1)))&CHAR(9)&TEXT(IF(SUBSTITUTE(MID($A39,FIND("|",$A39)+1,50),"'","")="",0,IFERROR(VALUE(SUBSTITUTE(MID($A39,FIND("|",$A39)+1,50),"'","")),999999)),"000000")&CHAR(9)&TEXT($B39,"0000")) | E39: =IF($D39="","",SUMPRODUCT(($D$5:$D$364<>"")*($D$5:$D$364<$D39))+1)
A40: {=IF(N(INDIRECT("'Pull Sheet'!C42"))>0,INDIRECT("'Pull Sheet'!A42")&"|"&INDIRECT("'Pull Sheet'!B42"),"")} | B40: =IF(AND($A40<>"",COUNTIF($A$5:$A40,$A40)=1),MAX($B$4:$B39)+1,"") | C40: {=IF($A40="","",N(INDIRECT("'Pull Sheet'!C42")))} | D40: =IF($B40="","",IF(IFERROR(VALUE(LEFT(LOWER(LEFT($A40,FIND("|",$A40)-1)),3)),IFERROR(VALUE(LEFT(LOWER(LEFT($A40,FIND("|",$A40)-1)),2)),IFERROR(VALUE(LEFT(LOWER(LEFT($A40,FIND("|",$A40)-1)),1)),-1)))>=0,TEXT(IFERROR(VALUE(LEFT(LOWER(LEFT($A40,FIND("|",$A40)-1)),3)),IFERROR(VALUE(LEFT(LOWER(LEFT($A40,FIND("|",$A40)-1)),2)),IFERROR(VALUE(LEFT(LOWER(LEFT($A40,FIND("|",$A40)-1)),1)),-1))),"000000")&MID(LOWER(LEFT($A40,FIND("|",$A40)-1)),LEN(TEXT(IFERROR(VALUE(LEFT(LOWER(LEFT($A40,FIND("|",$A40)-1)),3)),IFERROR(VALUE(LEFT(LOWER(LEFT($A40,FIND("|",$A40)-1)),2)),IFERROR(VALUE(LEFT(LOWER(LEFT($A40,FIND("|",$A40)-1)),1)),-1))),"0"))+1,99),LOWER(LEFT($A40,FIND("|",$A40)-1)))&CHAR(9)&TEXT(IF(SUBSTITUTE(MID($A40,FIND("|",$A40)+1,50),"'","")="",0,IFERROR(VALUE(SUBSTITUTE(MID($A40,FIND("|",$A40)+1,50),"'","")),999999)),"000000")&CHAR(9)&TEXT($B40,"0000")) | E40: =IF($D40="","",SUMPRODUCT(($D$5:$D$364<>"")*($D$5:$D$364<$D40))+1)
A41: {=IF(N(INDIRECT("'Pull Sheet'!C43"))>0,INDIRECT("'Pull Sheet'!A43")&"|"&INDIRECT("'Pull Sheet'!B43"),"")} | B41: =IF(AND($A41<>"",COUNTIF($A$5:$A41,$A41)=1),MAX($B$4:$B40)+1,"") | C41: {=IF($A41="","",N(INDIRECT("'Pull Sheet'!C43")))} | D41: =IF($B41="","",IF(IFERROR(VALUE(LEFT(LOWER(LEFT($A41,FIND("|",$A41)-1)),3)),IFERROR(VALUE(LEFT(LOWER(LEFT($A41,FIND("|",$A41)-1)),2)),IFERROR(VALUE(LEFT(LOWER(LEFT($A41,FIND("|",$A41)-1)),1)),-1)))>=0,TEXT(IFERROR(VALUE(LEFT(LOWER(LEFT($A41,FIND("|",$A41)-1)),3)),IFERROR(VALUE(LEFT(LOWER(LEFT($A41,FIND("|",$A41)-1)),2)),IFERROR(VALUE(LEFT(LOWER(LEFT($A41,FIND("|",$A41)-1)),1)),-1))),"000000")&MID(LOWER(LEFT($A41,FIND("|",$A41)-1)),LEN(TEXT(IFERROR(VALUE(LEFT(LOWER(LEFT($A41,FIND("|",$A41)-1)),3)),IFERROR(VALUE(LEFT(LOWER(LEFT($A41,FIND("|",$A41)-1)),2)),IFERROR(VALUE(LEFT(LOWER(LEFT($A41,FIND("|",$A41)-1)),1)),-1))),"0"))+1,99),LOWER(LEFT($A41,FIND("|",$A41)-1)))&CHAR(9)&TEXT(IF(SUBSTITUTE(MID($A41,FIND("|",$A41)+1,50),"'","")="",0,IFERROR(VALUE(SUBSTITUTE(MID($A41,FIND("|",$A41)+1,50),"'","")),999999)),"000000")&CHAR(9)&TEXT($B41,"0000")) | E41: =IF($D41="","",SUMPRODUCT(($D$5:$D$364<>"")*($D$5:$D$364<$D41))+1)
A42: {=IF(N(INDIRECT("'Pull Sheet'!C44"))>0,INDIRECT("'Pull Sheet'!A44")&"|"&INDIRECT("'Pull Sheet'!B44"),"")} | B42: =IF(AND($A42<>"",COUNTIF($A$5:$A42,$A42)=1),MAX($B$4:$B41)+1,"") | C42: {=IF($A42="","",N(INDIRECT("'Pull Sheet'!C44")))} | D42: =IF($B42="","",IF(IFERROR(VALUE(LEFT(LOWER(LEFT($A42,FIND("|",$A42)-1)),3)),IFERROR(VALUE(LEFT(LOWER(LEFT($A42,FIND("|",$A42)-1)),2)),IFERROR(VALUE(LEFT(LOWER(LEFT($A42,FIND("|",$A42)-1)),1)),-1)))>=0,TEXT(IFERROR(VALUE(LEFT(LOWER(LEFT($A42,FIND("|",$A42)-1)),3)),IFERROR(VALUE(LEFT(LOWER(LEFT($A42,FIND("|",$A42)-1)),2)),IFERROR(VALUE(LEFT(LOWER(LEFT($A42,FIND("|",$A42)-1)),1)),-1))),"000000")&MID(LOWER(LEFT($A42,FIND("|",$A42)-1)),LEN(TEXT(IFERROR(VALUE(LEFT(LOWER(LEFT($A42,FIND("|",$A42)-1)),3)),IFERROR(VALUE(LEFT(LOWER(LEFT($A42,FIND("|",$A42)-1)),2)),IFERROR(VALUE(LEFT(LOWER(LEFT($A42,FIND("|",$A42)-1)),1)),-1))),"0"))+1,99),LOWER(LEFT($A42,FIND("|",$A42)-1)))&CHAR(9)&TEXT(IF(SUBSTITUTE(MID($A42,FIND("|",$A42)+1,50),"'","")="",0,IFERROR(VALUE(SUBSTITUTE(MID($A42,FIND("|",$A42)+1,50),"'","")),999999)),"000000")&CHAR(9)&TEXT($B42,"0000")) | E42: =IF($D42="","",SUMPRODUCT(($D$5:$D$364<>"")*($D$5:$D$364<$D42))+1)
A43: {=IF(N(INDIRECT("'Pull Sheet'!C45"))>0,INDIRECT("'Pull Sheet'!A45")&"|"&INDIRECT("'Pull Sheet'!B45"),"")} | B43: =IF(AND($A43<>"",COUNTIF($A$5:$A43,$A43)=1),MAX($B$4:$B42)+1,"") | C43: {=IF($A43="","",N(INDIRECT("'Pull Sheet'!C45")))} | D43: =IF($B43="","",IF(IFERROR(VALUE(LEFT(LOWER(LEFT($A43,FIND("|",$A43)-1)),3)),IFERROR(VALUE(LEFT(LOWER(LEFT($A43,FIND("|",$A43)-1)),2)),IFERROR(VALUE(LEFT(LOWER(LEFT($A43,FIND("|",$A43)-1)),1)),-1)))>=0,TEXT(IFERROR(VALUE(LEFT(LOWER(LEFT($A43,FIND("|",$A43)-1)),3)),IFERROR(VALUE(LEFT(LOWER(LEFT($A43,FIND("|",$A43)-1)),2)),IFERROR(VALUE(LEFT(LOWER(LEFT($A43,FIND("|",$A43)-1)),1)),-1))),"000000")&MID(LOWER(LEFT($A43,FIND("|",$A43)-1)),LEN(TEXT(IFERROR(VALUE(LEFT(LOWER(LEFT($A43,FIND("|",$A43)-1)),3)),IFERROR(VALUE(LEFT(LOWER(LEFT($A43,FIND("|",$A43)-1)),2)),IFERROR(VALUE(LEFT(LOWER(LEFT($A43,FIND("|",$A43)-1)),1)),-1))),"0"))+1,99),LOWER(LEFT($A43,FIND("|",$A43)-1)))&CHAR(9)&TEXT(IF(SUBSTITUTE(MID($A43,FIND("|",$A43)+1,50),"'","")="",0,IFERROR(VALUE(SUBSTITUTE(MID($A43,FIND("|",$A43)+1,50),"'","")),999999)),"000000")&CHAR(9)&TEXT($B43,"0000")) | E43: =IF($D43="","",SUMPRODUCT(($D$5:$D$364<>"")*($D$5:$D$364<$D43))+1)
A44: {=IF(N(INDIRECT("'Pull Sheet'!C46"))>0,INDIRECT("'Pull Sheet'!A46")&"|"&INDIRECT("'Pull Sheet'!B46"),"")} | B44: =IF(AND($A44<>"",COUNTIF($A$5:$A44,$A44)=1),MAX($B$4:$B43)+1,"") | C44: {=IF($A44="","",N(INDIRECT("'Pull Sheet'!C46")))} | D44: =IF($B44="","",IF(IFERROR(VALUE(LEFT(LOWER(LEFT($A44,FIND("|",$A44)-1)),3)),IFERROR(VALUE(LEFT(LOWER(LEFT($A44,FIND("|",$A44)-1)),2)),IFERROR(VALUE(LEFT(LOWER(LEFT($A44,FIND("|",$A44)-1)),1)),-1)))>=0,TEXT(IFERROR(VALUE(LEFT(LOWER(LEFT($A44,FIND("|",$A44)-1)),3)),IFERROR(VALUE(LEFT(LOWER(LEFT($A44,FIND("|",$A44)-1)),2)),IFERROR(VALUE(LEFT(LOWER(LEFT($A44,FIND("|",$A44)-1)),1)),-1))),"000000")&MID(LOWER(LEFT($A44,FIND("|",$A44)-1)),LEN(TEXT(IFERROR(VALUE(LEFT(LOWER(LEFT($A44,FIND("|",$A44)-1)),3)),IFERROR(VALUE(LEFT(LOWER(LEFT($A44,FIND("|",$A44)-1)),2)),IFERROR(VALUE(LEFT(LOWER(LEFT($A44,FIND("|",$A44)-1)),1)),-1))),"0"))+1,99),LOWER(LEFT($A44,FIND("|",$A44)-1)))&CHAR(9)&TEXT(IF(SUBSTITUTE(MID($A44,FIND("|",$A44)+1,50),"'","")="",0,IFERROR(VALUE(SUBSTITUTE(MID($A44,FIND("|",$A44)+1,50),"'","")),999999)),"000000")&CHAR(9)&TEXT($B44,"0000")) | E44: =IF($D44="","",SUMPRODUCT(($D$5:$D$364<>"")*($D$5:$D$364<$D44))+1)
A45: {=IF(N(INDIRECT("'Pull Sheet'!C47"))>0,INDIRECT("'Pull Sheet'!A47")&"|"&INDIRECT("'Pull Sheet'!B47"),"")} | B45: =IF(AND($A45<>"",COUNTIF($A$5:$A45,$A45)=1),MAX($B$4:$B44)+1,"") | C45: {=IF($A45="","",N(INDIRECT("'Pull Sheet'!C47")))} | D45: =IF($B45="","",IF(IFERROR(VALUE(LEFT(LOWER(LEFT($A45,FIND("|",$A45)-1)),3)),IFERROR(VALUE(LEFT(LOWER(LEFT($A45,FIND("|",$A45)-1)),2)),IFERROR(VALUE(LEFT(LOWER(LEFT($A45,FIND("|",$A45)-1)),1)),-1)))>=0,TEXT(IFERROR(VALUE(LEFT(LOWER(LEFT($A45,FIND("|",$A45)-1)),3)),IFERROR(VALUE(LEFT(LOWER(LEFT($A45,FIND("|",$A45)-1)),2)),IFERROR(VALUE(LEFT(LOWER(LEFT($A45,FIND("|",$A45)-1)),1)),-1))),"000000")&MID(LOWER(LEFT($A45,FIND("|",$A45)-1)),LEN(TEXT(IFERROR(VALUE(LEFT(LOWER(LEFT($A45,FIND("|",$A45)-1)),3)),IFERROR(VALUE(LEFT(LOWER(LEFT($A45,FIND("|",$A45)-1)),2)),IFERROR(VALUE(LEFT(LOWER(LEFT($A45,FIND("|",$A45)-1)),1)),-1))),"0"))+1,99),LOWER(LEFT($A45,FIND("|",$A45)-1)))&CHAR(9)&TEXT(IF(SUBSTITUTE(MID($A45,FIND("|",$A45)+1,50),"'","")="",0,IFERROR(VALUE(SUBSTITUTE(MID($A45,FIND("|",$A45)+1,50),"'","")),999999)),"000000")&CHAR(9)&TEXT($B45,"0000")) | E45: =IF($D45="","",SUMPRODUCT(($D$5:$D$364<>"")*($D$5:$D$364<$D45))+1)
A46: {=IF(N(INDIRECT("'Pull Sheet'!C48"))>0,INDIRECT("'Pull Sheet'!A48")&"|"&INDIRECT("'Pull Sheet'!B48"),"")} | B46: =IF(AND($A46<>"",COUNTIF($A$5:$A46,$A46)=1),MAX($B$4:$B45)+1,"") | C46: {=IF($A46="","",N(INDIRECT("'Pull Sheet'!C48")))} | D46: =IF($B46="","",IF(IFERROR(VALUE(LEFT(LOWER(LEFT($A46,FIND("|",$A46)-1)),3)),IFERROR(VALUE(LEFT(LOWER(LEFT($A46,FIND("|",$A46)-1)),2)),IFERROR(VALUE(LEFT(LOWER(LEFT($A46,FIND("|",$A46)-1)),1)),-1)))>=0,TEXT(IFERROR(VALUE(LEFT(LOWER(LEFT($A46,FIND("|",$A46)-1)),3)),IFERROR(VALUE(LEFT(LOWER(LEFT($A46,FIND("|",$A46)-1)),2)),IFERROR(VALUE(LEFT(LOWER(LEFT($A46,FIND("|",$A46)-1)),1)),-1))),"000000")&MID(LOWER(LEFT($A46,FIND("|",$A46)-1)),LEN(TEXT(IFERROR(VALUE(LEFT(LOWER(LEFT($A46,FIND("|",$A46)-1)),3)),IFERROR(VALUE(LEFT(LOWER(LEFT($A46,FIND("|",$A46)-1)),2)),IFERROR(VALUE(LEFT(LOWER(LEFT($A46,FIND("|",$A46)-1)),1)),-1))),"0"))+1,99),LOWER(LEFT($A46,FIND("|",$A46)-1)))&CHAR(9)&TEXT(IF(SUBSTITUTE(MID($A46,FIND("|",$A46)+1,50),"'","")="",0,IFERROR(VALUE(SUBSTITUTE(MID($A46,FIND("|",$A46)+1,50),"'","")),999999)),"000000")&CHAR(9)&TEXT($B46,"0000")) | E46: =IF($D46="","",SUMPRODUCT(($D$5:$D$364<>"")*($D$5:$D$364<$D46))+1)
A47: {=IF(N(INDIRECT("'Pull Sheet'!C49"))>0,INDIRECT("'Pull Sheet'!A49")&"|"&INDIRECT("'Pull Sheet'!B49"),"")} | B47: =IF(AND($A47<>"",COUNTIF($A$5:$A47,$A47)=1),MAX($B$4:$B46)+1,"") | C47: {=IF($A47="","",N(INDIRECT("'Pull Sheet'!C49")))} | D47: =IF($B47="","",IF(IFERROR(VALUE(LEFT(LOWER(LEFT($A47,FIND("|",$A47)-1)),3)),IFERROR(VALUE(LEFT(LOWER(LEFT($A47,FIND("|",$A47)-1)),2)),IFERROR(VALUE(LEFT(LOWER(LEFT($A47,FIND("|",$A47)-1)),1)),-1)))>=0,TEXT(IFERROR(VALUE(LEFT(LOWER(LEFT($A47,FIND("|",$A47)-1)),3)),IFERROR(VALUE(LEFT(LOWER(LEFT($A47,FIND("|",$A47)-1)),2)),IFERROR(VALUE(LEFT(LOWER(LEFT($A47,FIND("|",$A47)-1)),1)),-1))),"000000")&MID(LOWER(LEFT($A47,FIND("|",$A47)-1)),LEN(TEXT(IFERROR(VALUE(LEFT(LOWER(LEFT($A47,FIND("|",$A47)-1)),3)),IFERROR(VALUE(LEFT(LOWER(LEFT($A47,FIND("|",$A47)-1)),2)),IFERROR(VALUE(LEFT(LOWER(LEFT($A47,FIND("|",$A47)-1)),1)),-1))),"0"))+1,99),LOWER(LEFT($A47,FIND("|",$A47)-1)))&CHAR(9)&TEXT(IF(SUBSTITUTE(MID($A47,FIND("|",$A47)+1,50),"'","")="",0,IFERROR(VALUE(SUBSTITUTE(MID($A47,FIND("|",$A47)+1,50),"'","")),999999)),"000000")&CHAR(9)&TEXT($B47,"0000")) | E47: =IF($D47="","",SUMPRODUCT(($D$5:$D$364<>"")*($D$5:$D$364<$D47))+1)
A48: {=IF(N(INDIRECT("'Pull Sheet'!C50"))>0,INDIRECT("'Pull Sheet'!A50")&"|"&INDIRECT("'Pull Sheet'!B50"),"")} | B48: =IF(AND($A48<>"",COUNTIF($A$5:$A48,$A48)=1),MAX($B$4:$B47)+1,"") | C48: {=IF($A48="","",N(INDIRECT("'Pull Sheet'!C50")))} | D48: =IF($B48="","",IF(IFERROR(VALUE(LEFT(LOWER(LEFT($A48,FIND("|",$A48)-1)),3)),IFERROR(VALUE(LEFT(LOWER(LEFT($A48,FIND("|",$A48)-1)),2)),IFERROR(VALUE(LEFT(LOWER(LEFT($A48,FIND("|",$A48)-1)),1)),-1)))>=0,TEXT(IFERROR(VALUE(LEFT(LOWER(LEFT($A48,FIND("|",$A48)-1)),3)),IFERROR(VALUE(LEFT(LOWER(LEFT($A48,FIND("|",$A48)-1)),2)),IFERROR(VALUE(LEFT(LOWER(LEFT($A48,FIND("|",$A48)-1)),1)),-1))),"000000")&MID(LOWER(LEFT($A48,FIND("|",$A48)-1)),LEN(TEXT(IFERROR(VALUE(LEFT(LOWER(LEFT($A48,FIND("|",$A48)-1)),3)),IFERROR(VALUE(LEFT(LOWER(LEFT($A48,FIND("|",$A48)-1)),2)),IFERROR(VALUE(LEFT(LOWER(LEFT($A48,FIND("|",$A48)-1)),1)),-1))),"0"))+1,99),LOWER(LEFT($A48,FIND("|",$A48)-1)))&CHAR(9)&TEXT(IF(SUBSTITUTE(MID($A48,FIND("|",$A48)+1,50),"'","")="",0,IFERROR(VALUE(SUBSTITUTE(MID($A48,FIND("|",$A48)+1,50),"'","")),999999)),"000000")&CHAR(9)&TEXT($B48,"0000")) | E48: =IF($D48="","",SUMPRODUCT(($D$5:$D$364<>"")*($D$5:$D$364<$D48))+1)
A49: {=IF(N(INDIRECT("'Pull Sheet'!C51"))>0,INDIRECT("'Pull Sheet'!A51")&"|"&INDIRECT("'Pull Sheet'!B51"),"")} | B49: =IF(AND($A49<>"",COUNTIF($A$5:$A49,$A49)=1),MAX($B$4:$B48)+1,"") | C49: {=IF($A49="","",N(INDIRECT("'Pull Sheet'!C51")))} | D49: =IF($B49="","",IF(IFERROR(VALUE(LEFT(LOWER(LEFT($A49,FIND("|",$A49)-1)),3)),IFERROR(VALUE(LEFT(LOWER(LEFT($A49,FIND("|",$A49)-1)),2)),IFERROR(VALUE(LEFT(LOWER(LEFT($A49,FIND("|",$A49)-1)),1)),-1)))>=0,TEXT(IFERROR(VALUE(LEFT(LOWER(LEFT($A49,FIND("|",$A49)-1)),3)),IFERROR(VALUE(LEFT(LOWER(LEFT($A49,FIND("|",$A49)-1)),2)),IFERROR(VALUE(LEFT(LOWER(LEFT($A49,FIND("|",$A49)-1)),1)),-1))),"000000")&MID(LOWER(LEFT($A49,FIND("|",$A49)-1)),LEN(TEXT(IFERROR(VALUE(LEFT(LOWER(LEFT($A49,FIND("|",$A49)-1)),3)),IFERROR(VALUE(LEFT(LOWER(LEFT($A49,FIND("|",$A49)-1)),2)),IFERROR(VALUE(LEFT(LOWER(LEFT($A49,FIND("|",$A49)-1)),1)),-1))),"0"))+1,99),LOWER(LEFT($A49,FIND("|",$A49)-1)))&CHAR(9)&TEXT(IF(SUBSTITUTE(MID($A49,FIND("|",$A49)+1,50),"'","")="",0,IFERROR(VALUE(SUBSTITUTE(MID($A49,FIND("|",$A49)+1,50),"'","")),999999)),"000000")&CHAR(9)&TEXT($B49,"0000")) | E49: =IF($D49="","",SUMPRODUCT(($D$5:$D$364<>"")*($D$5:$D$364<$D49))+1)
A50: {=IF(N(INDIRECT("'Pull Sheet'!C52"))>0,INDIRECT("'Pull Sheet'!A52")&"|"&INDIRECT("'Pull Sheet'!B52"),"")} | B50: =IF(AND($A50<>"",COUNTIF($A$5:$A50,$A50)=1),MAX($B$4:$B49)+1,"") | C50: {=IF($A50="","",N(INDIRECT("'Pull Sheet'!C52")))} | D50: =IF($B50="","",IF(IFERROR(VALUE(LEFT(LOWER(LEFT($A50,FIND("|",$A50)-1)),3)),IFERROR(VALUE(LEFT(LOWER(LEFT($A50,FIND("|",$A50)-1)),2)),IFERROR(VALUE(LEFT(LOWER(LEFT($A50,FIND("|",$A50)-1)),1)),-1)))>=0,TEXT(IFERROR(VALUE(LEFT(LOWER(LEFT($A50,FIND("|",$A50)-1)),3)),IFERROR(VALUE(LEFT(LOWER(LEFT($A50,FIND("|",$A50)-1)),2)),IFERROR(VALUE(LEFT(LOWER(LEFT($A50,FIND("|",$A50)-1)),1)),-1))),"000000")&MID(LOWER(LEFT($A50,FIND("|",$A50)-1)),LEN(TEXT(IFERROR(VALUE(LEFT(LOWER(LEFT($A50,FIND("|",$A50)-1)),3)),IFERROR(VALUE(LEFT(LOWER(LEFT($A50,FIND("|",$A50)-1)),2)),IFERROR(VALUE(LEFT(LOWER(LEFT($A50,FIND("|",$A50)-1)),1)),-1))),"0"))+1,99),LOWER(LEFT($A50,FIND("|",$A50)-1)))&CHAR(9)&TEXT(IF(SUBSTITUTE(MID($A50,FIND("|",$A50)+1,50),"'","")="",0,IFERROR(VALUE(SUBSTITUTE(MID($A50,FIND("|",$A50)+1,50),"'","")),999999)),"000000")&CHAR(9)&TEXT($B50,"0000")) | E50: =IF($D50="","",SUMPRODUCT(($D$5:$D$364<>"")*($D$5:$D$364<$D50))+1)
A51: {=IF(N(INDIRECT("'Pull Sheet'!C53"))>0,INDIRECT("'Pull Sheet'!A53")&"|"&INDIRECT("'Pull Sheet'!B53"),"")} | B51: =IF(AND($A51<>"",COUNTIF($A$5:$A51,$A51)=1),MAX($B$4:$B50)+1,"") | C51: {=IF($A51="","",N(INDIRECT("'Pull Sheet'!C53")))} | D51: =IF($B51="","",IF(IFERROR(VALUE(LEFT(LOWER(LEFT($A51,FIND("|",$A51)-1)),3)),IFERROR(VALUE(LEFT(LOWER(LEFT($A51,FIND("|",$A51)-1)),2)),IFERROR(VALUE(LEFT(LOWER(LEFT($A51,FIND("|",$A51)-1)),1)),-1)))>=0,TEXT(IFERROR(VALUE(LEFT(LOWER(LEFT($A51,FIND("|",$A51)-1)),3)),IFERROR(VALUE(LEFT(LOWER(LEFT($A51,FIND("|",$A51)-1)),2)),IFERROR(VALUE(LEFT(LOWER(LEFT($A51,FIND("|",$A51)-1)),1)),-1))),"000000")&MID(LOWER(LEFT($A51,FIND("|",$A51)-1)),LEN(TEXT(IFERROR(VALUE(LEFT(LOWER(LEFT($A51,FIND("|",$A51)-1)),3)),IFERROR(VALUE(LEFT(LOWER(LEFT($A51,FIND("|",$A51)-1)),2)),IFERROR(VALUE(LEFT(LOWER(LEFT($A51,FIND("|",$A51)-1)),1)),-1))),"0"))+1,99),LOWER(LEFT($A51,FIND("|",$A51)-1)))&CHAR(9)&TEXT(IF(SUBSTITUTE(MID($A51,FIND("|",$A51)+1,50),"'","")="",0,IFERROR(VALUE(SUBSTITUTE(MID($A51,FIND("|",$A51)+1,50),"'","")),999999)),"000000")&CHAR(9)&TEXT($B51,"0000")) | E51: =IF($D51="","",SUMPRODUCT(($D$5:$D$364<>"")*($D$5:$D$364<$D51))+1)
A52: {=IF(N(INDIRECT("'Pull Sheet'!C54"))>0,INDIRECT("'Pull Sheet'!A54")&"|"&INDIRECT("'Pull Sheet'!B54"),"")} | B52: =IF(AND($A52<>"",COUNTIF($A$5:$A52,$A52)=1),MAX($B$4:$B51)+1,"") | C52: {=IF($A52="","",N(INDIRECT("'Pull Sheet'!C54")))} | D52: =IF($B52="","",IF(IFERROR(VALUE(LEFT(LOWER(LEFT($A52,FIND("|",$A52)-1)),3)),IFERROR(VALUE(LEFT(LOWER(LEFT($A52,FIND("|",$A52)-1)),2)),IFERROR(VALUE(LEFT(LOWER(LEFT($A52,FIND("|",$A52)-1)),1)),-1)))>=0,TEXT(IFERROR(VALUE(LEFT(LOWER(LEFT($A52,FIND("|",$A52)-1)),3)),IFERROR(VALUE(LEFT(LOWER(LEFT($A52,FIND("|",$A52)-1)),2)),IFERROR(VALUE(LEFT(LOWER(LEFT($A52,FIND("|",$A52)-1)),1)),-1))),"000000")&MID(LOWER(LEFT($A52,FIND("|",$A52)-1)),LEN(TEXT(IFERROR(VALUE(LEFT(LOWER(LEFT($A52,FIND("|",$A52)-1)),3)),IFERROR(VALUE(LEFT(LOWER(LEFT($A52,FIND("|",$A52)-1)),2)),IFERROR(VALUE(LEFT(LOWER(LEFT($A52,FIND("|",$A52)-1)),1)),-1))),"0"))+1,99),LOWER(LEFT($A52,FIND("|",$A52)-1)))&CHAR(9)&TEXT(IF(SUBSTITUTE(MID($A52,FIND("|",$A52)+1,50),"'","")="",0,IFERROR(VALUE(SUBSTITUTE(MID($A52,FIND("|",$A52)+1,50),"'","")),999999)),"000000")&CHAR(9)&TEXT($B52,"0000")) | E52: =IF($D52="","",SUMPRODUCT(($D$5:$D$364<>"")*($D$5:$D$364<$D52))+1)
A53: {=IF(N(INDIRECT("'Pull Sheet'!C55"))>0,INDIRECT("'Pull Sheet'!A55")&"|"&INDIRECT("'Pull Sheet'!B55"),"")} | B53: =IF(AND($A53<>"",COUNTIF($A$5:$A53,$A53)=1),MAX($B$4:$B52)+1,"") | C53: {=IF($A53="","",N(INDIRECT("'Pull Sheet'!C55")))} | D53: =IF($B53="","",IF(IFERROR(VALUE(LEFT(LOWER(LEFT($A53,FIND("|",$A53)-1)),3)),IFERROR(VALUE(LEFT(LOWER(LEFT($A53,FIND("|",$A53)-1)),2)),IFERROR(VALUE(LEFT(LOWER(LEFT($A53,FIND("|",$A53)-1)),1)),-1)))>=0,TEXT(IFERROR(VALUE(LEFT(LOWER(LEFT($A53,FIND("|",$A53)-1)),3)),IFERROR(VALUE(LEFT(LOWER(LEFT($A53,FIND("|",$A53)-1)),2)),IFERROR(VALUE(LEFT(LOWER(LEFT($A53,FIND("|",$A53)-1)),1)),-1))),"000000")&MID(LOWER(LEFT($A53,FIND("|",$A53)-1)),LEN(TEXT(IFERROR(VALUE(LEFT(LOWER(LEFT($A53,FIND("|",$A53)-1)),3)),IFERROR(VALUE(LEFT(LOWER(LEFT($A53,FIND("|",$A53)-1)),2)),IFERROR(VALUE(LEFT(LOWER(LEFT($A53,FIND("|",$A53)-1)),1)),-1))),"0"))+1,99),LOWER(LEFT($A53,FIND("|",$A53)-1)))&CHAR(9)&TEXT(IF(SUBSTITUTE(MID($A53,FIND("|",$A53)+1,50),"'","")="",0,IFERROR(VALUE(SUBSTITUTE(MID($A53,FIND("|",$A53)+1,50),"'","")),999999)),"000000")&CHAR(9)&TEXT($B53,"0000")) | E53: =IF($D53="","",SUMPRODUCT(($D$5:$D$364<>"")*($D$5:$D$364<$D53))+1)
A54: {=IF(N(INDIRECT("'Pull Sheet'!C56"))>0,INDIRECT("'Pull Sheet'!A56")&"|"&INDIRECT("'Pull Sheet'!B56"),"")} | B54: =IF(AND($A54<>"",COUNTIF($A$5:$A54,$A54)=1),MAX($B$4:$B53)+1,"") | C54: {=IF($A54="","",N(INDIRECT("'Pull Sheet'!C56")))} | D54: =IF($B54="","",IF(IFERROR(VALUE(LEFT(LOWER(LEFT($A54,FIND("|",$A54)-1)),3)),IFERROR(VALUE(LEFT(LOWER(LEFT($A54,FIND("|",$A54)-1)),2)),IFERROR(VALUE(LEFT(LOWER(LEFT($A54,FIND("|",$A54)-1)),1)),-1)))>=0,TEXT(IFERROR(VALUE(LEFT(LOWER(LEFT($A54,FIND("|",$A54)-1)),3)),IFERROR(VALUE(LEFT(LOWER(LEFT($A54,FIND("|",$A54)-1)),2)),IFERROR(VALUE(LEFT(LOWER(LEFT($A54,FIND("|",$A54)-1)),1)),-1))),"000000")&MID(LOWER(LEFT($A54,FIND("|",$A54)-1)),LEN(TEXT(IFERROR(VALUE(LEFT(LOWER(LEFT($A54,FIND("|",$A54)-1)),3)),IFERROR(VALUE(LEFT(LOWER(LEFT($A54,FIND("|",$A54)-1)),2)),IFERROR(VALUE(LEFT(LOWER(LEFT($A54,FIND("|",$A54)-1)),1)),-1))),"0"))+1,99),LOWER(LEFT($A54,FIND("|",$A54)-1)))&CHAR(9)&TEXT(IF(SUBSTITUTE(MID($A54,FIND("|",$A54)+1,50),"'","")="",0,IFERROR(VALUE(SUBSTITUTE(MID($A54,FIND("|",$A54)+1,50),"'","")),999999)),"000000")&CHAR(9)&TEXT($B54,"0000")) | E54: =IF($D54="","",SUMPRODUCT(($D$5:$D$364<>"")*($D$5:$D$364<$D54))+1)
A55: {=IF(N(INDIRECT("'Pull Sheet'!C57"))>0,INDIRECT("'Pull Sheet'!A57")&"|"&INDIRECT("'Pull Sheet'!B57"),"")} | B55: =IF(AND($A55<>"",COUNTIF($A$5:$A55,$A55)=1),MAX($B$4:$B54)+1,"") | C55: {=IF($A55="","",N(INDIRECT("'Pull Sheet'!C57")))} | D55: =IF($B55="","",IF(IFERROR(VALUE(LEFT(LOWER(LEFT($A55,FIND("|",$A55)-1)),3)),IFERROR(VALUE(LEFT(LOWER(LEFT($A55,FIND("|",$A55)-1)),2)),IFERROR(VALUE(LEFT(LOWER(LEFT($A55,FIND("|",$A55)-1)),1)),-1)))>=0,TEXT(IFERROR(VALUE(LEFT(LOWER(LEFT($A55,FIND("|",$A55)-1)),3)),IFERROR(VALUE(LEFT(LOWER(LEFT($A55,FIND("|",$A55)-1)),2)),IFERROR(VALUE(LEFT(LOWER(LEFT($A55,FIND("|",$A55)-1)),1)),-1))),"000000")&MID(LOWER(LEFT($A55,FIND("|",$A55)-1)),LEN(TEXT(IFERROR(VALUE(LEFT(LOWER(LEFT($A55,FIND("|",$A55)-1)),3)),IFERROR(VALUE(LEFT(LOWER(LEFT($A55,FIND("|",$A55)-1)),2)),IFERROR(VALUE(LEFT(LOWER(LEFT($A55,FIND("|",$A55)-1)),1)),-1))),"0"))+1,99),LOWER(LEFT($A55,FIND("|",$A55)-1)))&CHAR(9)&TEXT(IF(SUBSTITUTE(MID($A55,FIND("|",$A55)+1,50),"'","")="",0,IFERROR(VALUE(SUBSTITUTE(MID($A55,FIND("|",$A55)+1,50),"'","")),999999)),"000000")&CHAR(9)&TEXT($B55,"0000")) | E55: =IF($D55="","",SUMPRODUCT(($D$5:$D$364<>"")*($D$5:$D$364<$D55))+1)
A56: {=IF(N(INDIRECT("'Pull Sheet'!C58"))>0,INDIRECT("'Pull Sheet'!A58")&"|"&INDIRECT("'Pull Sheet'!B58"),"")} | B56: =IF(AND($A56<>"",COUNTIF($A$5:$A56,$A56)=1),MAX($B$4:$B55)+1,"") | C56: {=IF($A56="","",N(INDIRECT("'Pull Sheet'!C58")))} | D56: =IF($B56="","",IF(IFERROR(VALUE(LEFT(LOWER(LEFT($A56,FIND("|",$A56)-1)),3)),IFERROR(VALUE(LEFT(LOWER(LEFT($A56,FIND("|",$A56)-1)),2)),IFERROR(VALUE(LEFT(LOWER(LEFT($A56,FIND("|",$A56)-1)),1)),-1)))>=0,TEXT(IFERROR(VALUE(LEFT(LOWER(LEFT($A56,FIND("|",$A56)-1)),3)),IFERROR(VALUE(LEFT(LOWER(LEFT($A56,FIND("|",$A56)-1)),2)),IFERROR(VALUE(LEFT(LOWER(LEFT($A56,FIND("|",$A56)-1)),1)),-1))),"000000")&MID(LOWER(LEFT($A56,FIND("|",$A56)-1)),LEN(TEXT(IFERROR(VALUE(LEFT(LOWER(LEFT($A56,FIND("|",$A56)-1)),3)),IFERROR(VALUE(LEFT(LOWER(LEFT($A56,FIND("|",$A56)-1)),2)),IFERROR(VALUE(LEFT(LOWER(LEFT($A56,FIND("|",$A56)-1)),1)),-1))),"0"))+1,99),LOWER(LEFT($A56,FIND("|",$A56)-1)))&CHAR(9)&TEXT(IF(SUBSTITUTE(MID($A56,FIND("|",$A56)+1,50),"'","")="",0,IFERROR(VALUE(SUBSTITUTE(MID($A56,FIND("|",$A56)+1,50),"'","")),999999)),"000000")&CHAR(9)&TEXT($B56,"0000")) | E56: =IF($D56="","",SUMPRODUCT(($D$5:$D$364<>"")*($D$5:$D$364<$D56))+1)
A57: {=IF(N(INDIRECT("'Pull Sheet'!C59"))>0,INDIRECT("'Pull Sheet'!A59")&"|"&INDIRECT("'Pull Sheet'!B59"),"")} | B57: =IF(AND($A57<>"",COUNTIF($A$5:$A57,$A57)=1),MAX($B$4:$B56)+1,"") | C57: {=IF($A57="","",N(INDIRECT("'Pull Sheet'!C59")))} | D57: =IF($B57="","",IF(IFERROR(VALUE(LEFT(LOWER(LEFT($A57,FIND("|",$A57)-1)),3)),IFERROR(VALUE(LEFT(LOWER(LEFT($A57,FIND("|",$A57)-1)),2)),IFERROR(VALUE(LEFT(LOWER(LEFT($A57,FIND("|",$A57)-1)),1)),-1)))>=0,TEXT(IFERROR(VALUE(LEFT(LOWER(LEFT($A57,FIND("|",$A57)-1)),3)),IFERROR(VALUE(LEFT(LOWER(LEFT($A57,FIND("|",$A57)-1)),2)),IFERROR(VALUE(LEFT(LOWER(LEFT($A57,FIND("|",$A57)-1)),1)),-1))),"000000")&MID(LOWER(LEFT($A57,FIND("|",$A57)-1)),LEN(TEXT(IFERROR(VALUE(LEFT(LOWER(LEFT($A57,FIND("|",$A57)-1)),3)),IFERROR(VALUE(LEFT(LOWER(LEFT($A57,FIND("|",$A57)-1)),2)),IFERROR(VALUE(LEFT(LOWER(LEFT($A57,FIND("|",$A57)-1)),1)),-1))),"0"))+1,99),LOWER(LEFT($A57,FIND("|",$A57)-1)))&CHAR(9)&TEXT(IF(SUBSTITUTE(MID($A57,FIND("|",$A57)+1,50),"'","")="",0,IFERROR(VALUE(SUBSTITUTE(MID($A57,FIND("|",$A57)+1,50),"'","")),999999)),"000000")&CHAR(9)&TEXT($B57,"0000")) | E57: =IF($D57="","",SUMPRODUCT(($D$5:$D$364<>"")*($D$5:$D$364<$D57))+1)
A58: {=IF(N(INDIRECT("'Pull Sheet'!C60"))>0,INDIRECT("'Pull Sheet'!A60")&"|"&INDIRECT("'Pull Sheet'!B60"),"")} | B58: =IF(AND($A58<>"",COUNTIF($A$5:$A58,$A58)=1),MAX($B$4:$B57)+1,"") | C58: {=IF($A58="","",N(INDIRECT("'Pull Sheet'!C60")))} | D58: =IF($B58="","",IF(IFERROR(VALUE(LEFT(LOWER(LEFT($A58,FIND("|",$A58)-1)),3)),IFERROR(VALUE(LEFT(LOWER(LEFT($A58,FIND("|",$A58)-1)),2)),IFERROR(VALUE(LEFT(LOWER(LEFT($A58,FIND("|",$A58)-1)),1)),-1)))>=0,TEXT(IFERROR(VALUE(LEFT(LOWER(LEFT($A58,FIND("|",$A58)-1)),3)),IFERROR(VALUE(LEFT(LOWER(LEFT($A58,FIND("|",$A58)-1)),2)),IFERROR(VALUE(LEFT(LOWER(LEFT($A58,FIND("|",$A58)-1)),1)),-1))),"000000")&MID(LOWER(LEFT($A58,FIND("|",$A58)-1)),LEN(TEXT(IFERROR(VALUE(LEFT(LOWER(LEFT($A58,FIND("|",$A58)-1)),3)),IFERROR(VALUE(LEFT(LOWER(LEFT($A58,FIND("|",$A58)-1)),2)),IFERROR(VALUE(LEFT(LOWER(LEFT($A58,FIND("|",$A58)-1)),1)),-1))),"0"))+1,99),LOWER(LEFT($A58,FIND("|",$A58)-1)))&CHAR(9)&TEXT(IF(SUBSTITUTE(MID($A58,FIND("|",$A58)+1,50),"'","")="",0,IFERROR(VALUE(SUBSTITUTE(MID($A58,FIND("|",$A58)+1,50),"'","")),999999)),"000000")&CHAR(9)&TEXT($B58,"0000")) | E58: =IF($D58="","",SUMPRODUCT(($D$5:$D$364<>"")*($D$5:$D$364<$D58))+1)
A59: {=IF(N(INDIRECT("'Pull Sheet'!C61"))>0,INDIRECT("'Pull Sheet'!A61")&"|"&INDIRECT("'Pull Sheet'!B61"),"")} | B59: =IF(AND($A59<>"",COUNTIF($A$5:$A59,$A59)=1),MAX($B$4:$B58)+1,"") | C59: {=IF($A59="","",N(INDIRECT("'Pull Sheet'!C61")))} | D59: =IF($B59="","",IF(IFERROR(VALUE(LEFT(LOWER(LEFT($A59,FIND("|",$A59)-1)),3)),IFERROR(VALUE(LEFT(LOWER(LEFT($A59,FIND("|",$A59)-1)),2)),IFERROR(VALUE(LEFT(LOWER(LEFT($A59,FIND("|",$A59)-1)),1)),-1)))>=0,TEXT(IFERROR(VALUE(LEFT(LOWER(LEFT($A59,FIND("|",$A59)-1)),3)),IFERROR(VALUE(LEFT(LOWER(LEFT($A59,FIND("|",$A59)-1)),2)),IFERROR(VALUE(LEFT(LOWER(LEFT($A59,FIND("|",$A59)-1)),1)),-1))),"000000")&MID(LOWER(LEFT($A59,FIND("|",$A59)-1)),LEN(TEXT(IFERROR(VALUE(LEFT(LOWER(LEFT($A59,FIND("|",$A59)-1)),3)),IFERROR(VALUE(LEFT(LOWER(LEFT($A59,FIND("|",$A59)-1)),2)),IFERROR(VALUE(LEFT(LOWER(LEFT($A59,FIND("|",$A59)-1)),1)),-1))),"0"))+1,99),LOWER(LEFT($A59,FIND("|",$A59)-1)))&CHAR(9)&TEXT(IF(SUBSTITUTE(MID($A59,FIND("|",$A59)+1,50),"'","")="",0,IFERROR(VALUE(SUBSTITUTE(MID($A59,FIND("|",$A59)+1,50),"'","")),999999)),"000000")&CHAR(9)&TEXT($B59,"0000")) | E59: =IF($D59="","",SUMPRODUCT(($D$5:$D$364<>"")*($D$5:$D$364<$D59))+1)
A60: {=IF(N(INDIRECT("'Pull Sheet'!C62"))>0,INDIRECT("'Pull Sheet'!A62")&"|"&INDIRECT("'Pull Sheet'!B62"),"")} | B60: =IF(AND($A60<>"",COUNTIF($A$5:$A60,$A60)=1),MAX($B$4:$B59)+1,"") | C60: {=IF($A60="","",N(INDIRECT("'Pull Sheet'!C62")))} | D60: =IF($B60="","",IF(IFERROR(VALUE(LEFT(LOWER(LEFT($A60,FIND("|",$A60)-1)),3)),IFERROR(VALUE(LEFT(LOWER(LEFT($A60,FIND("|",$A60)-1)),2)),IFERROR(VALUE(LEFT(LOWER(LEFT($A60,FIND("|",$A60)-1)),1)),-1)))>=0,TEXT(IFERROR(VALUE(LEFT(LOWER(LEFT($A60,FIND("|",$A60)-1)),3)),IFERROR(VALUE(LEFT(LOWER(LEFT($A60,FIND("|",$A60)-1)),2)),IFERROR(VALUE(LEFT(LOWER(LEFT($A60,FIND("|",$A60)-1)),1)),-1))),"000000")&MID(LOWER(LEFT($A60,FIND("|",$A60)-1)),LEN(TEXT(IFERROR(VALUE(LEFT(LOWER(LEFT($A60,FIND("|",$A60)-1)),3)),IFERROR(VALUE(LEFT(LOWER(LEFT($A60,FIND("|",$A60)-1)),2)),IFERROR(VALUE(LEFT(LOWER(LEFT($A60,FIND("|",$A60)-1)),1)),-1))),"0"))+1,99),LOWER(LEFT($A60,FIND("|",$A60)-1)))&CHAR(9)&TEXT(IF(SUBSTITUTE(MID($A60,FIND("|",$A60)+1,50),"'","")="",0,IFERROR(VALUE(SUBSTITUTE(MID($A60,FIND("|",$A60)+1,50),"'","")),999999)),"000000")&CHAR(9)&TEXT($B60,"0000")) | E60: =IF($D60="","",SUMPRODUCT(($D$5:$D$364<>"")*($D$5:$D$364<$D60))+1)
A61: {=IF(N(INDIRECT("'Pull Sheet'!C63"))>0,INDIRECT("'Pull Sheet'!A63")&"|"&INDIRECT("'Pull Sheet'!B63"),"")} | B61: =IF(AND($A61<>"",COUNTIF($A$5:$A61,$A61)=1),MAX($B$4:$B60)+1,"") | C61: {=IF($A61="","",N(INDIRECT("'Pull Sheet'!C63")))} | D61: =IF($B61="","",IF(IFERROR(VALUE(LEFT(LOWER(LEFT($A61,FIND("|",$A61)-1)),3)),IFERROR(VALUE(LEFT(LOWER(LEFT($A61,FIND("|",$A61)-1)),2)),IFERROR(VALUE(LEFT(LOWER(LEFT($A61,FIND("|",$A61)-1)),1)),-1)))>=0,TEXT(IFERROR(VALUE(LEFT(LOWER(LEFT($A61,FIND("|",$A61)-1)),3)),IFERROR(VALUE(LEFT(LOWER(LEFT($A61,FIND("|",$A61)-1)),2)),IFERROR(VALUE(LEFT(LOWER(LEFT($A61,FIND("|",$A61)-1)),1)),-1))),"000000")&MID(LOWER(LEFT($A61,FIND("|",$A61)-1)),LEN(TEXT(IFERROR(VALUE(LEFT(LOWER(LEFT($A61,FIND("|",$A61)-1)),3)),IFERROR(VALUE(LEFT(LOWER(LEFT($A61,FIND("|",$A61)-1)),2)),IFERROR(VALUE(LEFT(LOWER(LEFT($A61,FIND("|",$A61)-1)),1)),-1))),"0"))+1,99),LOWER(LEFT($A61,FIND("|",$A61)-1)))&CHAR(9)&TEXT(IF(SUBSTITUTE(MID($A61,FIND("|",$A61)+1,50),"'","")="",0,IFERROR(VALUE(SUBSTITUTE(MID($A61,FIND("|",$A61)+1,50),"'","")),999999)),"000000")&CHAR(9)&TEXT($B61,"0000")) | E61: =IF($D61="","",SUMPRODUCT(($D$5:$D$364<>"")*($D$5:$D$364<$D61))+1)
A62: {=IF(N(INDIRECT("'Pull Sheet'!C64"))>0,INDIRECT("'Pull Sheet'!A64")&"|"&INDIRECT("'Pull Sheet'!B64"),"")} | B62: =IF(AND($A62<>"",COUNTIF($A$5:$A62,$A62)=1),MAX($B$4:$B61)+1,"") | C62: {=IF($A62="","",N(INDIRECT("'Pull Sheet'!C64")))} | D62: =IF($B62="","",IF(IFERROR(VALUE(LEFT(LOWER(LEFT($A62,FIND("|",$A62)-1)),3)),IFERROR(VALUE(LEFT(LOWER(LEFT($A62,FIND("|",$A62)-1)),2)),IFERROR(VALUE(LEFT(LOWER(LEFT($A62,FIND("|",$A62)-1)),1)),-1)))>=0,TEXT(IFERROR(VALUE(LEFT(LOWER(LEFT($A62,FIND("|",$A62)-1)),3)),IFERROR(VALUE(LEFT(LOWER(LEFT($A62,FIND("|",$A62)-1)),2)),IFERROR(VALUE(LEFT(LOWER(LEFT($A62,FIND("|",$A62)-1)),1)),-1))),"000000")&MID(LOWER(LEFT($A62,FIND("|",$A62)-1)),LEN(TEXT(IFERROR(VALUE(LEFT(LOWER(LEFT($A62,FIND("|",$A62)-1)),3)),IFERROR(VALUE(LEFT(LOWER(LEFT($A62,FIND("|",$A62)-1)),2)),IFERROR(VALUE(LEFT(LOWER(LEFT($A62,FIND("|",$A62)-1)),1)),-1))),"0"))+1,99),LOWER(LEFT($A62,FIND("|",$A62)-1)))&CHAR(9)&TEXT(IF(SUBSTITUTE(MID($A62,FIND("|",$A62)+1,50),"'","")="",0,IFERROR(VALUE(SUBSTITUTE(MID($A62,FIND("|",$A62)+1,50),"'","")),999999)),"000000")&CHAR(9)&TEXT($B62,"0000")) | E62: =IF($D62="","",SUMPRODUCT(($D$5:$D$364<>"")*($D$5:$D$364<$D62))+1)
A63: {=IF(N(INDIRECT("'Pull Sheet'!C65"))>0,INDIRECT("'Pull Sheet'!A65")&"|"&INDIRECT("'Pull Sheet'!B65"),"")} | B63: =IF(AND($A63<>"",COUNTIF($A$5:$A63,$A63)=1),MAX($B$4:$B62)+1,"") | C63: {=IF($A63="","",N(INDIRECT("'Pull Sheet'!C65")))} | D63: =IF($B63="","",IF(IFERROR(VALUE(LEFT(LOWER(LEFT($A63,FIND("|",$A63)-1)),3)),IFERROR(VALUE(LEFT(LOWER(LEFT($A63,FIND("|",$A63)-1)),2)),IFERROR(VALUE(LEFT(LOWER(LEFT($A63,FIND("|",$A63)-1)),1)),-1)))>=0,TEXT(IFERROR(VALUE(LEFT(LOWER(LEFT($A63,FIND("|",$A63)-1)),3)),IFERROR(VALUE(LEFT(LOWER(LEFT($A63,FIND("|",$A63)-1)),2)),IFERROR(VALUE(LEFT(LOWER(LEFT($A63,FIND("|",$A63)-1)),1)),-1))),"000000")&MID(LOWER(LEFT($A63,FIND("|",$A63)-1)),LEN(TEXT(IFERROR(VALUE(LEFT(LOWER(LEFT($A63,FIND("|",$A63)-1)),3)),IFERROR(VALUE(LEFT(LOWER(LEFT($A63,FIND("|",$A63)-1)),2)),IFERROR(VALUE(LEFT(LOWER(LEFT($A63,FIND("|",$A63)-1)),1)),-1))),"0"))+1,99),LOWER(LEFT($A63,FIND("|",$A63)-1)))&CHAR(9)&TEXT(IF(SUBSTITUTE(MID($A63,FIND("|",$A63)+1,50),"'","")="",0,IFERROR(VALUE(SUBSTITUTE(MID($A63,FIND("|",$A63)+1,50),"'","")),999999)),"000000")&CHAR(9)&TEXT($B63,"0000")) | E63: =IF($D63="","",SUMPRODUCT(($D$5:$D$364<>"")*($D$5:$D$364<$D63))+1)
A64: {=IF(N(INDIRECT("'Pull Sheet'!C66"))>0,INDIRECT("'Pull Sheet'!A66")&"|"&INDIRECT("'Pull Sheet'!B66"),"")} | B64: =IF(AND($A64<>"",COUNTIF($A$5:$A64,$A64)=1),MAX($B$4:$B63)+1,"") | C64: {=IF($A64="","",N(INDIRECT("'Pull Sheet'!C66")))} | D64: =IF($B64="","",IF(IFERROR(VALUE(LEFT(LOWER(LEFT($A64,FIND("|",$A64)-1)),3)),IFERROR(VALUE(LEFT(LOWER(LEFT($A64,FIND("|",$A64)-1)),2)),IFERROR(VALUE(LEFT(LOWER(LEFT($A64,FIND("|",$A64)-1)),1)),-1)))>=0,TEXT(IFERROR(VALUE(LEFT(LOWER(LEFT($A64,FIND("|",$A64)-1)),3)),IFERROR(VALUE(LEFT(LOWER(LEFT($A64,FIND("|",$A64)-1)),2)),IFERROR(VALUE(LEFT(LOWER(LEFT($A64,FIND("|",$A64)-1)),1)),-1))),"000000")&MID(LOWER(LEFT($A64,FIND("|",$A64)-1)),LEN(TEXT(IFERROR(VALUE(LEFT(LOWER(LEFT($A64,FIND("|",$A64)-1)),3)),IFERROR(VALUE(LEFT(LOWER(LEFT($A64,FIND("|",$A64)-1)),2)),IFERROR(VALUE(LEFT(LOWER(LEFT($A64,FIND("|",$A64)-1)),1)),-1))),"0"))+1,99),LOWER(LEFT($A64,FIND("|",$A64)-1)))&CHAR(9)&TEXT(IF(SUBSTITUTE(MID($A64,FIND("|",$A64)+1,50),"'","")="",0,IFERROR(VALUE(SUBSTITUTE(MID($A64,FIND("|",$A64)+1,50),"'","")),999999)),"000000")&CHAR(9)&TEXT($B64,"0000")) | E64: =IF($D64="","",SUMPRODUCT(($D$5:$D$364<>"")*($D$5:$D$364<$D64))+1)
A65: {=IF(N(INDIRECT("'Pull Sheet'!I7"))>0,INDIRECT("'Pull Sheet'!G7")&"|"&INDIRECT("'Pull Sheet'!H7"),"")} | B65: =IF(AND($A65<>"",COUNTIF($A$5:$A65,$A65)=1),MAX($B$4:$B64)+1,"") | C65: {=IF($A65="","",N(INDIRECT("'Pull Sheet'!I7")))} | D65: =IF($B65="","",IF(IFERROR(VALUE(LEFT(LOWER(LEFT($A65,FIND("|",$A65)-1)),3)),IFERROR(VALUE(LEFT(LOWER(LEFT($A65,FIND("|",$A65)-1)),2)),IFERROR(VALUE(LEFT(LOWER(LEFT($A65,FIND("|",$A65)-1)),1)),-1)))>=0,TEXT(IFERROR(VALUE(LEFT(LOWER(LEFT($A65,FIND("|",$A65)-1)),3)),IFERROR(VALUE(LEFT(LOWER(LEFT($A65,FIND("|",$A65)-1)),2)),IFERROR(VALUE(LEFT(LOWER(LEFT($A65,FIND("|",$A65)-1)),1)),-1))),"000000")&MID(LOWER(LEFT($A65,FIND("|",$A65)-1)),LEN(TEXT(IFERROR(VALUE(LEFT(LOWER(LEFT($A65,FIND("|",$A65)-1)),3)),IFERROR(VALUE(LEFT(LOWER(LEFT($A65,FIND("|",$A65)-1)),2)),IFERROR(VALUE(LEFT(LOWER(LEFT($A65,FIND("|",$A65)-1)),1)),-1))),"0"))+1,99),LOWER(LEFT($A65,FIND("|",$A65)-1)))&CHAR(9)&TEXT(IF(SUBSTITUTE(MID($A65,FIND("|",$A65)+1,50),"'","")="",0,IFERROR(VALUE(SUBSTITUTE(MID($A65,FIND("|",$A65)+1,50),"'","")),999999)),"000000")&CHAR(9)&TEXT($B65,"0000")) | E65: =IF($D65="","",SUMPRODUCT(($D$5:$D$364<>"")*($D$5:$D$364<$D65))+1)
A66: {=IF(N(INDIRECT("'Pull Sheet'!I8"))>0,INDIRECT("'Pull Sheet'!G8")&"|"&INDIRECT("'Pull Sheet'!H8"),"")} | B66: =IF(AND($A66<>"",COUNTIF($A$5:$A66,$A66)=1),MAX($B$4:$B65)+1,"") | C66: {=IF($A66="","",N(INDIRECT("'Pull Sheet'!I8")))} | D66: =IF($B66="","",IF(IFERROR(VALUE(LEFT(LOWER(LEFT($A66,FIND("|",$A66)-1)),3)),IFERROR(VALUE(LEFT(LOWER(LEFT($A66,FIND("|",$A66)-1)),2)),IFERROR(VALUE(LEFT(LOWER(LEFT($A66,FIND("|",$A66)-1)),1)),-1)))>=0,TEXT(IFERROR(VALUE(LEFT(LOWER(LEFT($A66,FIND("|",$A66)-1)),3)),IFERROR(VALUE(LEFT(LOWER(LEFT($A66,FIND("|",$A66)-1)),2)),IFERROR(VALUE(LEFT(LOWER(LEFT($A66,FIND("|",$A66)-1)),1)),-1))),"000000")&MID(LOWER(LEFT($A66,FIND("|",$A66)-1)),LEN(TEXT(IFERROR(VALUE(LEFT(LOWER(LEFT($A66,FIND("|",$A66)-1)),3)),IFERROR(VALUE(LEFT(LOWER(LEFT($A66,FIND("|",$A66)-1)),2)),IFERROR(VALUE(LEFT(LOWER(LEFT($A66,FIND("|",$A66)-1)),1)),-1))),"0"))+1,99),LOWER(LEFT($A66,FIND("|",$A66)-1)))&CHAR(9)&TEXT(IF(SUBSTITUTE(MID($A66,FIND("|",$A66)+1,50),"'","")="",0,IFERROR(VALUE(SUBSTITUTE(MID($A66,FIND("|",$A66)+1,50),"'","")),999999)),"000000")&CHAR(9)&TEXT($B66,"0000")) | E66: =IF($D66="","",SUMPRODUCT(($D$5:$D$364<>"")*($D$5:$D$364<$D66))+1)
A67: {=IF(N(INDIRECT("'Pull Sheet'!I9"))>0,INDIRECT("'Pull Sheet'!G9")&"|"&INDIRECT("'Pull Sheet'!H9"),"")} | B67: =IF(AND($A67<>"",COUNTIF($A$5:$A67,$A67)=1),MAX($B$4:$B66)+1,"") | C67: {=IF($A67="","",N(INDIRECT("'Pull Sheet'!I9")))} | D67: =IF($B67="","",IF(IFERROR(VALUE(LEFT(LOWER(LEFT($A67,FIND("|",$A67)-1)),3)),IFERROR(VALUE(LEFT(LOWER(LEFT($A67,FIND("|",$A67)-1)),2)),IFERROR(VALUE(LEFT(LOWER(LEFT($A67,FIND("|",$A67)-1)),1)),-1)))>=0,TEXT(IFERROR(VALUE(LEFT(LOWER(LEFT($A67,FIND("|",$A67)-1)),3)),IFERROR(VALUE(LEFT(LOWER(LEFT($A67,FIND("|",$A67)-1)),2)),IFERROR(VALUE(LEFT(LOWER(LEFT($A67,FIND("|",$A67)-1)),1)),-1))),"000000")&MID(LOWER(LEFT($A67,FIND("|",$A67)-1)),LEN(TEXT(IFERROR(VALUE(LEFT(LOWER(LEFT($A67,FIND("|",$A67)-1)),3)),IFERROR(VALUE(LEFT(LOWER(LEFT($A67,FIND("|",$A67)-1)),2)),IFERROR(VALUE(LEFT(LOWER(LEFT($A67,FIND("|",$A67)-1)),1)),-1))),"0"))+1,99),LOWER(LEFT($A67,FIND("|",$A67)-1)))&CHAR(9)&TEXT(IF(SUBSTITUTE(MID($A67,FIND("|",$A67)+1,50),"'","")="",0,IFERROR(VALUE(SUBSTITUTE(MID($A67,FIND("|",$A67)+1,50),"'","")),999999)),"000000")&CHAR(9)&TEXT($B67,"0000")) | E67: =IF($D67="","",SUMPRODUCT(($D$5:$D$364<>"")*($D$5:$D$364<$D67))+1)
A68: {=IF(N(INDIRECT("'Pull Sheet'!I10"))>0,INDIRECT("'Pull Sheet'!G10")&"|"&INDIRECT("'Pull Sheet'!H10"),"")} | B68: =IF(AND($A68<>"",COUNTIF($A$5:$A68,$A68)=1),MAX($B$4:$B67)+1,"") | C68: {=IF($A68="","",N(INDIRECT("'Pull Sheet'!I10")))} | D68: =IF($B68="","",IF(IFERROR(VALUE(LEFT(LOWER(LEFT($A68,FIND("|",$A68)-1)),3)),IFERROR(VALUE(LEFT(LOWER(LEFT($A68,FIND("|",$A68)-1)),2)),IFERROR(VALUE(LEFT(LOWER(LEFT($A68,FIND("|",$A68)-1)),1)),-1)))>=0,TEXT(IFERROR(VALUE(LEFT(LOWER(LEFT($A68,FIND("|",$A68)-1)),3)),IFERROR(VALUE(LEFT(LOWER(LEFT($A68,FIND("|",$A68)-1)),2)),IFERROR(VALUE(LEFT(LOWER(LEFT($A68,FIND("|",$A68)-1)),1)),-1))),"000000")&MID(LOWER(LEFT($A68,FIND("|",$A68)-1)),LEN(TEXT(IFERROR(VALUE(LEFT(LOWER(LEFT($A68,FIND("|",$A68)-1)),3)),IFERROR(VALUE(LEFT(LOWER(LEFT($A68,FIND("|",$A68)-1)),2)),IFERROR(VALUE(LEFT(LOWER(LEFT($A68,FIND("|",$A68)-1)),1)),-1))),"0"))+1,99),LOWER(LEFT($A68,FIND("|",$A68)-1)))&CHAR(9)&TEXT(IF(SUBSTITUTE(MID($A68,FIND("|",$A68)+1,50),"'","")="",0,IFERROR(VALUE(SUBSTITUTE(MID($A68,FIND("|",$A68)+1,50),"'","")),999999)),"000000")&CHAR(9)&TEXT($B68,"0000")) | E68: =IF($D68="","",SUMPRODUCT(($D$5:$D$364<>"")*($D$5:$D$364<$D68))+1)
A69: {=IF(N(INDIRECT("'Pull Sheet'!I11"))>0,INDIRECT("'Pull Sheet'!G11")&"|"&INDIRECT("'Pull Sheet'!H11"),"")} | B69: =IF(AND($A69<>"",COUNTIF($A$5:$A69,$A69)=1),MAX($B$4:$B68)+1,"") | C69: {=IF($A69="","",N(INDIRECT("'Pull Sheet'!I11")))} | D69: =IF($B69="","",IF(IFERROR(VALUE(LEFT(LOWER(LEFT($A69,FIND("|",$A69)-1)),3)),IFERROR(VALUE(LEFT(LOWER(LEFT($A69,FIND("|",$A69)-1)),2)),IFERROR(VALUE(LEFT(LOWER(LEFT($A69,FIND("|",$A69)-1)),1)),-1)))>=0,TEXT(IFERROR(VALUE(LEFT(LOWER(LEFT($A69,FIND("|",$A69)-1)),3)),IFERROR(VALUE(LEFT(LOWER(LEFT($A69,FIND("|",$A69)-1)),2)),IFERROR(VALUE(LEFT(LOWER(LEFT($A69,FIND("|",$A69)-1)),1)),-1))),"000000")&MID(LOWER(LEFT($A69,FIND("|",$A69)-1)),LEN(TEXT(IFERROR(VALUE(LEFT(LOWER(LEFT($A69,FIND("|",$A69)-1)),3)),IFERROR(VALUE(LEFT(LOWER(LEFT($A69,FIND("|",$A69)-1)),2)),IFERROR(VALUE(LEFT(LOWER(LEFT($A69,FIND("|",$A69)-1)),1)),-1))),"0"))+1,99),LOWER(LEFT($A69,FIND("|",$A69)-1)))&CHAR(9)&TEXT(IF(SUBSTITUTE(MID($A69,FIND("|",$A69)+1,50),"'","")="",0,IFERROR(VALUE(SUBSTITUTE(MID($A69,FIND("|",$A69)+1,50),"'","")),999999)),"000000")&CHAR(9)&TEXT($B69,"0000")) | E69: =IF($D69="","",SUMPRODUCT(($D$5:$D$364<>"")*($D$5:$D$364<$D69))+1)
A70: {=IF(N(INDIRECT("'Pull Sheet'!I12"))>0,INDIRECT("'Pull Sheet'!G12")&"|"&INDIRECT("'Pull Sheet'!H12"),"")} | B70: =IF(AND($A70<>"",COUNTIF($A$5:$A70,$A70)=1),MAX($B$4:$B69)+1,"") | C70: {=IF($A70="","",N(INDIRECT("'Pull Sheet'!I12")))} | D70: =IF($B70="","",IF(IFERROR(VALUE(LEFT(LOWER(LEFT($A70,FIND("|",$A70)-1)),3)),IFERROR(VALUE(LEFT(LOWER(LEFT($A70,FIND("|",$A70)-1)),2)),IFERROR(VALUE(LEFT(LOWER(LEFT($A70,FIND("|",$A70)-1)),1)),-1)))>=0,TEXT(IFERROR(VALUE(LEFT(LOWER(LEFT($A70,FIND("|",$A70)-1)),3)),IFERROR(VALUE(LEFT(LOWER(LEFT($A70,FIND("|",$A70)-1)),2)),IFERROR(VALUE(LEFT(LOWER(LEFT($A70,FIND("|",$A70)-1)),1)),-1))),"000000")&MID(LOWER(LEFT($A70,FIND("|",$A70)-1)),LEN(TEXT(IFERROR(VALUE(LEFT(LOWER(LEFT($A70,FIND("|",$A70)-1)),3)),IFERROR(VALUE(LEFT(LOWER(LEFT($A70,FIND("|",$A70)-1)),2)),IFERROR(VALUE(LEFT(LOWER(LEFT($A70,FIND("|",$A70)-1)),1)),-1))),"0"))+1,99),LOWER(LEFT($A70,FIND("|",$A70)-1)))&CHAR(9)&TEXT(IF(SUBSTITUTE(MID($A70,FIND("|",$A70)+1,50),"'","")="",0,IFERROR(VALUE(SUBSTITUTE(MID($A70,FIND("|",$A70)+1,50),"'","")),999999)),"000000")&CHAR(9)&TEXT($B70,"0000")) | E70: =IF($D70="","",SUMPRODUCT(($D$5:$D$364<>"")*($D$5:$D$364<$D70))+1)
A71: {=IF(N(INDIRECT("'Pull Sheet'!I13"))>0,INDIRECT("'Pull Sheet'!G13")&"|"&INDIRECT("'Pull Sheet'!H13"),"")} | B71: =IF(AND($A71<>"",COUNTIF($A$5:$A71,$A71)=1),MAX($B$4:$B70)+1,"") | C71: {=IF($A71="","",N(INDIRECT("'Pull Sheet'!I13")))} | D71: =IF($B71="","",IF(IFERROR(VALUE(LEFT(LOWER(LEFT($A71,FIND("|",$A71)-1)),3)),IFERROR(VALUE(LEFT(LOWER(LEFT($A71,FIND("|",$A71)-1)),2)),IFERROR(VALUE(LEFT(LOWER(LEFT($A71,FIND("|",$A71)-1)),1)),-1)))>=0,TEXT(IFERROR(VALUE(LEFT(LOWER(LEFT($A71,FIND("|",$A71)-1)),3)),IFERROR(VALUE(LEFT(LOWER(LEFT($A71,FIND("|",$A71)-1)),2)),IFERROR(VALUE(LEFT(LOWER(LEFT($A71,FIND("|",$A71)-1)),1)),-1))),"000000")&MID(LOWER(LEFT($A71,FIND("|",$A71)-1)),LEN(TEXT(IFERROR(VALUE(LEFT(LOWER(LEFT($A71,FIND("|",$A71)-1)),3)),IFERROR(VALUE(LEFT(LOWER(LEFT($A71,FIND("|",$A71)-1)),2)),IFERROR(VALUE(LEFT(LOWER(LEFT($A71,FIND("|",$A71)-1)),1)),-1))),"0"))+1,99),LOWER(LEFT($A71,FIND("|",$A71)-1)))&CHAR(9)&TEXT(IF(SUBSTITUTE(MID($A71,FIND("|",$A71)+1,50),"'","")="",0,IFERROR(VALUE(SUBSTITUTE(MID($A71,FIND("|",$A71)+1,50),"'","")),999999)),"000000")&CHAR(9)&TEXT($B71,"0000")) | E71: =IF($D71="","",SUMPRODUCT(($D$5:$D$364<>"")*($D$5:$D$364<$D71))+1)
A72: {=IF(N(INDIRECT("'Pull Sheet'!I14"))>0,INDIRECT("'Pull Sheet'!G14")&"|"&INDIRECT("'Pull Sheet'!H14"),"")} | B72: =IF(AND($A72<>"",COUNTIF($A$5:$A72,$A72)=1),MAX($B$4:$B71)+1,"") | C72: {=IF($A72="","",N(INDIRECT("'Pull Sheet'!I14")))} | D72: =IF($B72="","",IF(IFERROR(VALUE(LEFT(LOWER(LEFT($A72,FIND("|",$A72)-1)),3)),IFERROR(VALUE(LEFT(LOWER(LEFT($A72,FIND("|",$A72)-1)),2)),IFERROR(VALUE(LEFT(LOWER(LEFT($A72,FIND("|",$A72)-1)),1)),-1)))>=0,TEXT(IFERROR(VALUE(LEFT(LOWER(LEFT($A72,FIND("|",$A72)-1)),3)),IFERROR(VALUE(LEFT(LOWER(LEFT($A72,FIND("|",$A72)-1)),2)),IFERROR(VALUE(LEFT(LOWER(LEFT($A72,FIND("|",$A72)-1)),1)),-1))),"000000")&MID(LOWER(LEFT($A72,FIND("|",$A72)-1)),LEN(TEXT(IFERROR(VALUE(LEFT(LOWER(LEFT($A72,FIND("|",$A72)-1)),3)),IFERROR(VALUE(LEFT(LOWER(LEFT($A72,FIND("|",$A72)-1)),2)),IFERROR(VALUE(LEFT(LOWER(LEFT($A72,FIND("|",$A72)-1)),1)),-1))),"0"))+1,99),LOWER(LEFT($A72,FIND("|",$A72)-1)))&CHAR(9)&TEXT(IF(SUBSTITUTE(MID($A72,FIND("|",$A72)+1,50),"'","")="",0,IFERROR(VALUE(SUBSTITUTE(MID($A72,FIND("|",$A72)+1,50),"'","")),999999)),"000000")&CHAR(9)&TEXT($B72,"0000")) | E72: =IF($D72="","",SUMPRODUCT(($D$5:$D$364<>"")*($D$5:$D$364<$D72))+1)
A73: {=IF(N(INDIRECT("'Pull Sheet'!I15"))>0,INDIRECT("'Pull Sheet'!G15")&"|"&INDIRECT("'Pull Sheet'!H15"),"")} | B73: =IF(AND($A73<>"",COUNTIF($A$5:$A73,$A73)=1),MAX($B$4:$B72)+1,"") | C73: {=IF($A73="","",N(INDIRECT("'Pull Sheet'!I15")))} | D73: =IF($B73="","",IF(IFERROR(VALUE(LEFT(LOWER(LEFT($A73,FIND("|",$A73)-1)),3)),IFERROR(VALUE(LEFT(LOWER(LEFT($A73,FIND("|",$A73)-1)),2)),IFERROR(VALUE(LEFT(LOWER(LEFT($A73,FIND("|",$A73)-1)),1)),-1)))>=0,TEXT(IFERROR(VALUE(LEFT(LOWER(LEFT($A73,FIND("|",$A73)-1)),3)),IFERROR(VALUE(LEFT(LOWER(LEFT($A73,FIND("|",$A73)-1)),2)),IFERROR(VALUE(LEFT(LOWER(LEFT($A73,FIND("|",$A73)-1)),1)),-1))),"000000")&MID(LOWER(LEFT($A73,FIND("|",$A73)-1)),LEN(TEXT(IFERROR(VALUE(LEFT(LOWER(LEFT($A73,FIND("|",$A73)-1)),3)),IFERROR(VALUE(LEFT(LOWER(LEFT($A73,FIND("|",$A73)-1)),2)),IFERROR(VALUE(LEFT(LOWER(LEFT($A73,FIND("|",$A73)-1)),1)),-1))),"0"))+1,99),LOWER(LEFT($A73,FIND("|",$A73)-1)))&CHAR(9)&TEXT(IF(SUBSTITUTE(MID($A73,FIND("|",$A73)+1,50),"'","")="",0,IFERROR(VALUE(SUBSTITUTE(MID($A73,FIND("|",$A73)+1,50),"'","")),999999)),"000000")&CHAR(9)&TEXT($B73,"0000")) | E73: =IF($D73="","",SUMPRODUCT(($D$5:$D$364<>"")*($D$5:$D$364<$D73))+1)
A74: {=IF(N(INDIRECT("'Pull Sheet'!I16"))>0,INDIRECT("'Pull Sheet'!G16")&"|"&INDIRECT("'Pull Sheet'!H16"),"")} | B74: =IF(AND($A74<>"",COUNTIF($A$5:$A74,$A74)=1),MAX($B$4:$B73)+1,"") | C74: {=IF($A74="","",N(INDIRECT("'Pull Sheet'!I16")))} | D74: =IF($B74="","",IF(IFERROR(VALUE(LEFT(LOWER(LEFT($A74,FIND("|",$A74)-1)),3)),IFERROR(VALUE(LEFT(LOWER(LEFT($A74,FIND("|",$A74)-1)),2)),IFERROR(VALUE(LEFT(LOWER(LEFT($A74,FIND("|",$A74)-1)),1)),-1)))>=0,TEXT(IFERROR(VALUE(LEFT(LOWER(LEFT($A74,FIND("|",$A74)-1)),3)),IFERROR(VALUE(LEFT(LOWER(LEFT($A74,FIND("|",$A74)-1)),2)),IFERROR(VALUE(LEFT(LOWER(LEFT($A74,FIND("|",$A74)-1)),1)),-1))),"000000")&MID(LOWER(LEFT($A74,FIND("|",$A74)-1)),LEN(TEXT(IFERROR(VALUE(LEFT(LOWER(LEFT($A74,FIND("|",$A74)-1)),3)),IFERROR(VALUE(LEFT(LOWER(LEFT($A74,FIND("|",$A74)-1)),2)),IFERROR(VALUE(LEFT(LOWER(LEFT($A74,FIND("|",$A74)-1)),1)),-1))),"0"))+1,99),LOWER(LEFT($A74,FIND("|",$A74)-1)))&CHAR(9)&TEXT(IF(SUBSTITUTE(MID($A74,FIND("|",$A74)+1,50),"'","")="",0,IFERROR(VALUE(SUBSTITUTE(MID($A74,FIND("|",$A74)+1,50),"'","")),999999)),"000000")&CHAR(9)&TEXT($B74,"0000")) | E74: =IF($D74="","",SUMPRODUCT(($D$5:$D$364<>"")*($D$5:$D$364<$D74))+1)
A75: {=IF(N(INDIRECT("'Pull Sheet'!I17"))>0,INDIRECT("'Pull Sheet'!G17")&"|"&INDIRECT("'Pull Sheet'!H17"),"")} | B75: =IF(AND($A75<>"",COUNTIF($A$5:$A75,$A75)=1),MAX($B$4:$B74)+1,"") | C75: {=IF($A75="","",N(INDIRECT("'Pull Sheet'!I17")))} | D75: =IF($B75="","",IF(IFERROR(VALUE(LEFT(LOWER(LEFT($A75,FIND("|",$A75)-1)),3)),IFERROR(VALUE(LEFT(LOWER(LEFT($A75,FIND("|",$A75)-1)),2)),IFERROR(VALUE(LEFT(LOWER(LEFT($A75,FIND("|",$A75)-1)),1)),-1)))>=0,TEXT(IFERROR(VALUE(LEFT(LOWER(LEFT($A75,FIND("|",$A75)-1)),3)),IFERROR(VALUE(LEFT(LOWER(LEFT($A75,FIND("|",$A75)-1)),2)),IFERROR(VALUE(LEFT(LOWER(LEFT($A75,FIND("|",$A75)-1)),1)),-1))),"000000")&MID(LOWER(LEFT($A75,FIND("|",$A75)-1)),LEN(TEXT(IFERROR(VALUE(LEFT(LOWER(LEFT($A75,FIND("|",$A75)-1)),3)),IFERROR(VALUE(LEFT(LOWER(LEFT($A75,FIND("|",$A75)-1)),2)),IFERROR(VALUE(LEFT(LOWER(LEFT($A75,FIND("|",$A75)-1)),1)),-1))),"0"))+1,99),LOWER(LEFT($A75,FIND("|",$A75)-1)))&CHAR(9)&TEXT(IF(SUBSTITUTE(MID($A75,FIND("|",$A75)+1,50),"'","")="",0,IFERROR(VALUE(SUBSTITUTE(MID($A75,FIND("|",$A75)+1,50),"'","")),999999)),"000000")&CHAR(9)&TEXT($B75,"0000")) | E75: =IF($D75="","",SUMPRODUCT(($D$5:$D$364<>"")*($D$5:$D$364<$D75))+1)
A76: {=IF(N(INDIRECT("'Pull Sheet'!I18"))>0,INDIRECT("'Pull Sheet'!G18")&"|"&INDIRECT("'Pull Sheet'!H18"),"")} | B76: =IF(AND($A76<>"",COUNTIF($A$5:$A76,$A76)=1),MAX($B$4:$B75)+1,"") | C76: {=IF($A76="","",N(INDIRECT("'Pull Sheet'!I18")))} | D76: =IF($B76="","",IF(IFERROR(VALUE(LEFT(LOWER(LEFT($A76,FIND("|",$A76)-1)),3)),IFERROR(VALUE(LEFT(LOWER(LEFT($A76,FIND("|",$A76)-1)),2)),IFERROR(VALUE(LEFT(LOWER(LEFT($A76,FIND("|",$A76)-1)),1)),-1)))>=0,TEXT(IFERROR(VALUE(LEFT(LOWER(LEFT($A76,FIND("|",$A76)-1)),3)),IFERROR(VALUE(LEFT(LOWER(LEFT($A76,FIND("|",$A76)-1)),2)),IFERROR(VALUE(LEFT(LOWER(LEFT($A76,FIND("|",$A76)-1)),1)),-1))),"000000")&MID(LOWER(LEFT($A76,FIND("|",$A76)-1)),LEN(TEXT(IFERROR(VALUE(LEFT(LOWER(LEFT($A76,FIND("|",$A76)-1)),3)),IFERROR(VALUE(LEFT(LOWER(LEFT($A76,FIND("|",$A76)-1)),2)),IFERROR(VALUE(LEFT(LOWER(LEFT($A76,FIND("|",$A76)-1)),1)),-1))),"0"))+1,99),LOWER(LEFT($A76,FIND("|",$A76)-1)))&CHAR(9)&TEXT(IF(SUBSTITUTE(MID($A76,FIND("|",$A76)+1,50),"'","")="",0,IFERROR(VALUE(SUBSTITUTE(MID($A76,FIND("|",$A76)+1,50),"'","")),999999)),"000000")&CHAR(9)&TEXT($B76,"0000")) | E76: =IF($D76="","",SUMPRODUCT(($D$5:$D$364<>"")*($D$5:$D$364<$D76))+1)
A77: {=IF(N(INDIRECT("'Pull Sheet'!I19"))>0,INDIRECT("'Pull Sheet'!G19")&"|"&INDIRECT("'Pull Sheet'!H19"),"")} | B77: =IF(AND($A77<>"",COUNTIF($A$5:$A77,$A77)=1),MAX($B$4:$B76)+1,"") | C77: {=IF($A77="","",N(INDIRECT("'Pull Sheet'!I19")))} | D77: =IF($B77="","",IF(IFERROR(VALUE(LEFT(LOWER(LEFT($A77,FIND("|",$A77)-1)),3)),IFERROR(VALUE(LEFT(LOWER(LEFT($A77,FIND("|",$A77)-1)),2)),IFERROR(VALUE(LEFT(LOWER(LEFT($A77,FIND("|",$A77)-1)),1)),-1)))>=0,TEXT(IFERROR(VALUE(LEFT(LOWER(LEFT($A77,FIND("|",$A77)-1)),3)),IFERROR(VALUE(LEFT(LOWER(LEFT($A77,FIND("|",$A77)-1)),2)),IFERROR(VALUE(LEFT(LOWER(LEFT($A77,FIND("|",$A77)-1)),1)),-1))),"000000")&MID(LOWER(LEFT($A77,FIND("|",$A77)-1)),LEN(TEXT(IFERROR(VALUE(LEFT(LOWER(LEFT($A77,FIND("|",$A77)-1)),3)),IFERROR(VALUE(LEFT(LOWER(LEFT($A77,FIND("|",$A77)-1)),2)),IFERROR(VALUE(LEFT(LOWER(LEFT($A77,FIND("|",$A77)-1)),1)),-1))),"0"))+1,99),LOWER(LEFT($A77,FIND("|",$A77)-1)))&CHAR(9)&TEXT(IF(SUBSTITUTE(MID($A77,FIND("|",$A77)+1,50),"'","")="",0,IFERROR(VALUE(SUBSTITUTE(MID($A77,FIND("|",$A77)+1,50),"'","")),999999)),"000000")&CHAR(9)&TEXT($B77,"0000")) | E77: =IF($D77="","",SUMPRODUCT(($D$5:$D$364<>"")*($D$5:$D$364<$D77))+1)
A78: {=IF(N(INDIRECT("'Pull Sheet'!I20"))>0,INDIRECT("'Pull Sheet'!G20")&"|"&INDIRECT("'Pull Sheet'!H20"),"")} | B78: =IF(AND($A78<>"",COUNTIF($A$5:$A78,$A78)=1),MAX($B$4:$B77)+1,"") | C78: {=IF($A78="","",N(INDIRECT("'Pull Sheet'!I20")))} | D78: =IF($B78="","",IF(IFERROR(VALUE(LEFT(LOWER(LEFT($A78,FIND("|",$A78)-1)),3)),IFERROR(VALUE(LEFT(LOWER(LEFT($A78,FIND("|",$A78)-1)),2)),IFERROR(VALUE(LEFT(LOWER(LEFT($A78,FIND("|",$A78)-1)),1)),-1)))>=0,TEXT(IFERROR(VALUE(LEFT(LOWER(LEFT($A78,FIND("|",$A78)-1)),3)),IFERROR(VALUE(LEFT(LOWER(LEFT($A78,FIND("|",$A78)-1)),2)),IFERROR(VALUE(LEFT(LOWER(LEFT($A78,FIND("|",$A78)-1)),1)),-1))),"000000")&MID(LOWER(LEFT($A78,FIND("|",$A78)-1)),LEN(TEXT(IFERROR(VALUE(LEFT(LOWER(LEFT($A78,FIND("|",$A78)-1)),3)),IFERROR(VALUE(LEFT(LOWER(LEFT($A78,FIND("|",$A78)-1)),2)),IFERROR(VALUE(LEFT(LOWER(LEFT($A78,FIND("|",$A78)-1)),1)),-1))),"0"))+1,99),LOWER(LEFT($A78,FIND("|",$A78)-1)))&CHAR(9)&TEXT(IF(SUBSTITUTE(MID($A78,FIND("|",$A78)+1,50),"'","")="",0,IFERROR(VALUE(SUBSTITUTE(MID($A78,FIND("|",$A78)+1,50),"'","")),999999)),"000000")&CHAR(9)&TEXT($B78,"0000")) | E78: =IF($D78="","",SUMPRODUCT(($D$5:$D$364<>"")*($D$5:$D$364<$D78))+1)
A79: {=IF(N(INDIRECT("'Pull Sheet'!I21"))>0,INDIRECT("'Pull Sheet'!G21")&"|"&INDIRECT("'Pull Sheet'!H21"),"")} | B79: =IF(AND($A79<>"",COUNTIF($A$5:$A79,$A79)=1),MAX($B$4:$B78)+1,"") | C79: {=IF($A79="","",N(INDIRECT("'Pull Sheet'!I21")))} | D79: =IF($B79="","",IF(IFERROR(VALUE(LEFT(LOWER(LEFT($A79,FIND("|",$A79)-1)),3)),IFERROR(VALUE(LEFT(LOWER(LEFT($A79,FIND("|",$A79)-1)),2)),IFERROR(VALUE(LEFT(LOWER(LEFT($A79,FIND("|",$A79)-1)),1)),-1)))>=0,TEXT(IFERROR(VALUE(LEFT(LOWER(LEFT($A79,FIND("|",$A79)-1)),3)),IFERROR(VALUE(LEFT(LOWER(LEFT($A79,FIND("|",$A79)-1)),2)),IFERROR(VALUE(LEFT(LOWER(LEFT($A79,FIND("|",$A79)-1)),1)),-1))),"000000")&MID(LOWER(LEFT($A79,FIND("|",$A79)-1)),LEN(TEXT(IFERROR(VALUE(LEFT(LOWER(LEFT($A79,FIND("|",$A79)-1)),3)),IFERROR(VALUE(LEFT(LOWER(LEFT($A79,FIND("|",$A79)-1)),2)),IFERROR(VALUE(LEFT(LOWER(LEFT($A79,FIND("|",$A79)-1)),1)),-1))),"0"))+1,99),LOWER(LEFT($A79,FIND("|",$A79)-1)))&CHAR(9)&TEXT(IF(SUBSTITUTE(MID($A79,FIND("|",$A79)+1,50),"'","")="",0,IFERROR(VALUE(SUBSTITUTE(MID($A79,FIND("|",$A79)+1,50),"'","")),999999)),"000000")&CHAR(9)&TEXT($B79,"0000")) | E79: =IF($D79="","",SUMPRODUCT(($D$5:$D$364<>"")*($D$5:$D$364<$D79))+1)
A80: {=IF(N(INDIRECT("'Pull Sheet'!I22"))>0,INDIRECT("'Pull Sheet'!G22")&"|"&INDIRECT("'Pull Sheet'!H22"),"")} | B80: =IF(AND($A80<>"",COUNTIF($A$5:$A80,$A80)=1),MAX($B$4:$B79)+1,"") | C80: {=IF($A80="","",N(INDIRECT("'Pull Sheet'!I22")))} | D80: =IF($B80="","",IF(IFERROR(VALUE(LEFT(LOWER(LEFT($A80,FIND("|",$A80)-1)),3)),IFERROR(VALUE(LEFT(LOWER(LEFT($A80,FIND("|",$A80)-1)),2)),IFERROR(VALUE(LEFT(LOWER(LEFT($A80,FIND("|",$A80)-1)),1)),-1)))>=0,TEXT(IFERROR(VALUE(LEFT(LOWER(LEFT($A80,FIND("|",$A80)-1)),3)),IFERROR(VALUE(LEFT(LOWER(LEFT($A80,FIND("|",$A80)-1)),2)),IFERROR(VALUE(LEFT(LOWER(LEFT($A80,FIND("|",$A80)-1)),1)),-1))),"000000")&MID(LOWER(LEFT($A80,FIND("|",$A80)-1)),LEN(TEXT(IFERROR(VALUE(LEFT(LOWER(LEFT($A80,FIND("|",$A80)-1)),3)),IFERROR(VALUE(LEFT(LOWER(LEFT($A80,FIND("|",$A80)-1)),2)),IFERROR(VALUE(LEFT(LOWER(LEFT($A80,FIND("|",$A80)-1)),1)),-1))),"0"))+1,99),LOWER(LEFT($A80,FIND("|",$A80)-1)))&CHAR(9)&TEXT(IF(SUBSTITUTE(MID($A80,FIND("|",$A80)+1,50),"'","")="",0,IFERROR(VALUE(SUBSTITUTE(MID($A80,FIND("|",$A80)+1,50),"'","")),999999)),"000000")&CHAR(9)&TEXT($B80,"0000")) | E80: =IF($D80="","",SUMPRODUCT(($D$5:$D$364<>"")*($D$5:$D$364<$D80))+1)
A81: {=IF(N(INDIRECT("'Pull Sheet'!I23"))>0,INDIRECT("'Pull Sheet'!G23")&"|"&INDIRECT("'Pull Sheet'!H23"),"")} | B81: =IF(AND($A81<>"",COUNTIF($A$5:$A81,$A81)=1),MAX($B$4:$B80)+1,"") | C81: {=IF($A81="","",N(INDIRECT("'Pull Sheet'!I23")))} | D81: =IF($B81="","",IF(IFERROR(VALUE(LEFT(LOWER(LEFT($A81,FIND("|",$A81)-1)),3)),IFERROR(VALUE(LEFT(LOWER(LEFT($A81,FIND("|",$A81)-1)),2)),IFERROR(VALUE(LEFT(LOWER(LEFT($A81,FIND("|",$A81)-1)),1)),-1)))>=0,TEXT(IFERROR(VALUE(LEFT(LOWER(LEFT($A81,FIND("|",$A81)-1)),3)),IFERROR(VALUE(LEFT(LOWER(LEFT($A81,FIND("|",$A81)-1)),2)),IFERROR(VALUE(LEFT(LOWER(LEFT($A81,FIND("|",$A81)-1)),1)),-1))),"000000")&MID(LOWER(LEFT($A81,FIND("|",$A81)-1)),LEN(TEXT(IFERROR(VALUE(LEFT(LOWER(LEFT($A81,FIND("|",$A81)-1)),3)),IFERROR(VALUE(LEFT(LOWER(LEFT($A81,FIND("|",$A81)-1)),2)),IFERROR(VALUE(LEFT(LOWER(LEFT($A81,FIND("|",$A81)-1)),1)),-1))),"0"))+1,99),LOWER(LEFT($A81,FIND("|",$A81)-1)))&CHAR(9)&TEXT(IF(SUBSTITUTE(MID($A81,FIND("|",$A81)+1,50),"'","")="",0,IFERROR(VALUE(SUBSTITUTE(MID($A81,FIND("|",$A81)+1,50),"'","")),999999)),"000000")&CHAR(9)&TEXT($B81,"0000")) | E81: =IF($D81="","",SUMPRODUCT(($D$5:$D$364<>"")*($D$5:$D$364<$D81))+1)
A82: {=IF(N(INDIRECT("'Pull Sheet'!I24"))>0,INDIRECT("'Pull Sheet'!G24")&"|"&INDIRECT("'Pull Sheet'!H24"),"")} | B82: =IF(AND($A82<>"",COUNTIF($A$5:$A82,$A82)=1),MAX($B$4:$B81)+1,"") | C82: {=IF($A82="","",N(INDIRECT("'Pull Sheet'!I24")))} | D82: =IF($B82="","",IF(IFERROR(VALUE(LEFT(LOWER(LEFT($A82,FIND("|",$A82)-1)),3)),IFERROR(VALUE(LEFT(LOWER(LEFT($A82,FIND("|",$A82)-1)),2)),IFERROR(VALUE(LEFT(LOWER(LEFT($A82,FIND("|",$A82)-1)),1)),-1)))>=0,TEXT(IFERROR(VALUE(LEFT(LOWER(LEFT($A82,FIND("|",$A82)-1)),3)),IFERROR(VALUE(LEFT(LOWER(LEFT($A82,FIND("|",$A82)-1)),2)),IFERROR(VALUE(LEFT(LOWER(LEFT($A82,FIND("|",$A82)-1)),1)),-1))),"000000")&MID(LOWER(LEFT($A82,FIND("|",$A82)-1)),LEN(TEXT(IFERROR(VALUE(LEFT(LOWER(LEFT($A82,FIND("|",$A82)-1)),3)),IFERROR(VALUE(LEFT(LOWER(LEFT($A82,FIND("|",$A82)-1)),2)),IFERROR(VALUE(LEFT(LOWER(LEFT($A82,FIND("|",$A82)-1)),1)),-1))),"0"))+1,99),LOWER(LEFT($A82,FIND("|",$A82)-1)))&CHAR(9)&TEXT(IF(SUBSTITUTE(MID($A82,FIND("|",$A82)+1,50),"'","")="",0,IFERROR(VALUE(SUBSTITUTE(MID($A82,FIND("|",$A82)+1,50),"'","")),999999)),"000000")&CHAR(9)&TEXT($B82,"0000")) | E82: =IF($D82="","",SUMPRODUCT(($D$5:$D$364<>"")*($D$5:$D$364<$D82))+1)
A83: {=IF(N(INDIRECT("'Pull Sheet'!I25"))>0,INDIRECT("'Pull Sheet'!G25")&"|"&INDIRECT("'Pull Sheet'!H25"),"")} | B83: =IF(AND($A83<>"",COUNTIF($A$5:$A83,$A83)=1),MAX($B$4:$B82)+1,"") | C83: {=IF($A83="","",N(INDIRECT("'Pull Sheet'!I25")))} | D83: =IF($B83="","",IF(IFERROR(VALUE(LEFT(LOWER(LEFT($A83,FIND("|",$A83)-1)),3)),IFERROR(VALUE(LEFT(LOWER(LEFT($A83,FIND("|",$A83)-1)),2)),IFERROR(VALUE(LEFT(LOWER(LEFT($A83,FIND("|",$A83)-1)),1)),-1)))>=0,TEXT(IFERROR(VALUE(LEFT(LOWER(LEFT($A83,FIND("|",$A83)-1)),3)),IFERROR(VALUE(LEFT(LOWER(LEFT($A83,FIND("|",$A83)-1)),2)),IFERROR(VALUE(LEFT(LOWER(LEFT($A83,FIND("|",$A83)-1)),1)),-1))),"000000")&MID(LOWER(LEFT($A83,FIND("|",$A83)-1)),LEN(TEXT(IFERROR(VALUE(LEFT(LOWER(LEFT($A83,FIND("|",$A83)-1)),3)),IFERROR(VALUE(LEFT(LOWER(LEFT($A83,FIND("|",$A83)-1)),2)),IFERROR(VALUE(LEFT(LOWER(LEFT($A83,FIND("|",$A83)-1)),1)),-1))),"0"))+1,99),LOWER(LEFT($A83,FIND("|",$A83)-1)))&CHAR(9)&TEXT(IF(SUBSTITUTE(MID($A83,FIND("|",$A83)+1,50),"'","")="",0,IFERROR(VALUE(SUBSTITUTE(MID($A83,FIND("|",$A83)+1,50),"'","")),999999)),"000000")&CHAR(9)&TEXT($B83,"0000")) | E83: =IF($D83="","",SUMPRODUCT(($D$5:$D$364<>"")*($D$5:$D$364<$D83))+1)
A84: {=IF(N(INDIRECT("'Pull Sheet'!I26"))>0,INDIRECT("'Pull Sheet'!G26")&"|"&INDIRECT("'Pull Sheet'!H26"),"")} | B84: =IF(AND($A84<>"",COUNTIF($A$5:$A84,$A84)=1),MAX($B$4:$B83)+1,"") | C84: {=IF($A84="","",N(INDIRECT("'Pull Sheet'!I26")))} | D84: =IF($B84="","",IF(IFERROR(VALUE(LEFT(LOWER(LEFT($A84,FIND("|",$A84)-1)),3)),IFERROR(VALUE(LEFT(LOWER(LEFT($A84,FIND("|",$A84)-1)),2)),IFERROR(VALUE(LEFT(LOWER(LEFT($A84,FIND("|",$A84)-1)),1)),-1)))>=0,TEXT(IFERROR(VALUE(LEFT(LOWER(LEFT($A84,FIND("|",$A84)-1)),3)),IFERROR(VALUE(LEFT(LOWER(LEFT($A84,FIND("|",$A84)-1)),2)),IFERROR(VALUE(LEFT(LOWER(LEFT($A84,FIND("|",$A84)-1)),1)),-1))),"000000")&MID(LOWER(LEFT($A84,FIND("|",$A84)-1)),LEN(TEXT(IFERROR(VALUE(LEFT(LOWER(LEFT($A84,FIND("|",$A84)-1)),3)),IFERROR(VALUE(LEFT(LOWER(LEFT($A84,FIND("|",$A84)-1)),2)),IFERROR(VALUE(LEFT(LOWER(LEFT($A84,FIND("|",$A84)-1)),1)),-1))),"0"))+1,99),LOWER(LEFT($A84,FIND("|",$A84)-1)))&CHAR(9)&TEXT(IF(SUBSTITUTE(MID($A84,FIND("|",$A84)+1,50),"'","")="",0,IFERROR(VALUE(SUBSTITUTE(MID($A84,FIND("|",$A84)+1,50),"'","")),999999)),"000000")&CHAR(9)&TEXT($B84,"0000")) | E84: =IF($D84="","",SUMPRODUCT(($D$5:$D$364<>"")*($D$5:$D$364<$D84))+1)
A85: {=IF(N(INDIRECT("'Pull Sheet'!I27"))>0,INDIRECT("'Pull Sheet'!G27")&"|"&INDIRECT("'Pull Sheet'!H27"),"")} | B85: =IF(AND($A85<>"",COUNTIF($A$5:$A85,$A85)=1),MAX($B$4:$B84)+1,"") | C85: {=IF($A85="","",N(INDIRECT("'Pull Sheet'!I27")))} | D85: =IF($B85="","",IF(IFERROR(VALUE(LEFT(LOWER(LEFT($A85,FIND("|",$A85)-1)),3)),IFERROR(VALUE(LEFT(LOWER(LEFT($A85,FIND("|",$A85)-1)),2)),IFERROR(VALUE(LEFT(LOWER(LEFT($A85,FIND("|",$A85)-1)),1)),-1)))>=0,TEXT(IFERROR(VALUE(LEFT(LOWER(LEFT($A85,FIND("|",$A85)-1)),3)),IFERROR(VALUE(LEFT(LOWER(LEFT($A85,FIND("|",$A85)-1)),2)),IFERROR(VALUE(LEFT(LOWER(LEFT($A85,FIND("|",$A85)-1)),1)),-1))),"000000")&MID(LOWER(LEFT($A85,FIND("|",$A85)-1)),LEN(TEXT(IFERROR(VALUE(LEFT(LOWER(LEFT($A85,FIND("|",$A85)-1)),3)),IFERROR(VALUE(LEFT(LOWER(LEFT($A85,FIND("|",$A85)-1)),2)),IFERROR(VALUE(LEFT(LOWER(LEFT($A85,FIND("|",$A85)-1)),1)),-1))),"0"))+1,99),LOWER(LEFT($A85,FIND("|",$A85)-1)))&CHAR(9)&TEXT(IF(SUBSTITUTE(MID($A85,FIND("|",$A85)+1,50),"'","")="",0,IFERROR(VALUE(SUBSTITUTE(MID($A85,FIND("|",$A85)+1,50),"'","")),999999)),"000000")&CHAR(9)&TEXT($B85,"0000")) | E85: =IF($D85="","",SUMPRODUCT(($D$5:$D$364<>"")*($D$5:$D$364<$D85))+1)
A86: {=IF(N(INDIRECT("'Pull Sheet'!I28"))>0,INDIRECT("'Pull Sheet'!G28")&"|"&INDIRECT("'Pull Sheet'!H28"),"")} | B86: =IF(AND($A86<>"",COUNTIF($A$5:$A86,$A86)=1),MAX($B$4:$B85)+1,"") | C86: {=IF($A86="","",N(INDIRECT("'Pull Sheet'!I28")))} | D86: =IF($B86="","",IF(IFERROR(VALUE(LEFT(LOWER(LEFT($A86,FIND("|",$A86)-1)),3)),IFERROR(VALUE(LEFT(LOWER(LEFT($A86,FIND("|",$A86)-1)),2)),IFERROR(VALUE(LEFT(LOWER(LEFT($A86,FIND("|",$A86)-1)),1)),-1)))>=0,TEXT(IFERROR(VALUE(LEFT(LOWER(LEFT($A86,FIND("|",$A86)-1)),3)),IFERROR(VALUE(LEFT(LOWER(LEFT($A86,FIND("|",$A86)-1)),2)),IFERROR(VALUE(LEFT(LOWER(LEFT($A86,FIND("|",$A86)-1)),1)),-1))),"000000")&MID(LOWER(LEFT($A86,FIND("|",$A86)-1)),LEN(TEXT(IFERROR(VALUE(LEFT(LOWER(LEFT($A86,FIND("|",$A86)-1)),3)),IFERROR(VALUE(LEFT(LOWER(LEFT($A86,FIND("|",$A86)-1)),2)),IFERROR(VALUE(LEFT(LOWER(LEFT($A86,FIND("|",$A86)-1)),1)),-1))),"0"))+1,99),LOWER(LEFT($A86,FIND("|",$A86)-1)))&CHAR(9)&TEXT(IF(SUBSTITUTE(MID($A86,FIND("|",$A86)+1,50),"'","")="",0,IFERROR(VALUE(SUBSTITUTE(MID($A86,FIND("|",$A86)+1,50),"'","")),999999)),"000000")&CHAR(9)&TEXT($B86,"0000")) | E86: =IF($D86="","",SUMPRODUCT(($D$5:$D$364<>"")*($D$5:$D$364<$D86))+1)
A87: {=IF(N(INDIRECT("'Pull Sheet'!I29"))>0,INDIRECT("'Pull Sheet'!G29")&"|"&INDIRECT("'Pull Sheet'!H29"),"")} | B87: =IF(AND($A87<>"",COUNTIF($A$5:$A87,$A87)=1),MAX($B$4:$B86)+1,"") | C87: {=IF($A87="","",N(INDIRECT("'Pull Sheet'!I29")))} | D87: =IF($B87="","",IF(IFERROR(VALUE(LEFT(LOWER(LEFT($A87,FIND("|",$A87)-1)),3)),IFERROR(VALUE(LEFT(LOWER(LEFT($A87,FIND("|",$A87)-1)),2)),IFERROR(VALUE(LEFT(LOWER(LEFT($A87,FIND("|",$A87)-1)),1)),-1)))>=0,TEXT(IFERROR(VALUE(LEFT(LOWER(LEFT($A87,FIND("|",$A87)-1)),3)),IFERROR(VALUE(LEFT(LOWER(LEFT($A87,FIND("|",$A87)-1)),2)),IFERROR(VALUE(LEFT(LOWER(LEFT($A87,FIND("|",$A87)-1)),1)),-1))),"000000")&MID(LOWER(LEFT($A87,FIND("|",$A87)-1)),LEN(TEXT(IFERROR(VALUE(LEFT(LOWER(LEFT($A87,FIND("|",$A87)-1)),3)),IFERROR(VALUE(LEFT(LOWER(LEFT($A87,FIND("|",$A87)-1)),2)),IFERROR(VALUE(LEFT(LOWER(LEFT($A87,FIND("|",$A87)-1)),1)),-1))),"0"))+1,99),LOWER(LEFT($A87,FIND("|",$A87)-1)))&CHAR(9)&TEXT(IF(SUBSTITUTE(MID($A87,FIND("|",$A87)+1,50),"'","")="",0,IFERROR(VALUE(SUBSTITUTE(MID($A87,FIND("|",$A87)+1,50),"'","")),999999)),"000000")&CHAR(9)&TEXT($B87,"0000")) | E87: =IF($D87="","",SUMPRODUCT(($D$5:$D$364<>"")*($D$5:$D$364<$D87))+1)
A88: {=IF(N(INDIRECT("'Pull Sheet'!I30"))>0,INDIRECT("'Pull Sheet'!G30")&"|"&INDIRECT("'Pull Sheet'!H30"),"")} | B88: =IF(AND($A88<>"",COUNTIF($A$5:$A88,$A88)=1),MAX($B$4:$B87)+1,"") | C88: {=IF($A88="","",N(INDIRECT("'Pull Sheet'!I30")))} | D88: =IF($B88="","",IF(IFERROR(VALUE(LEFT(LOWER(LEFT($A88,FIND("|",$A88)-1)),3)),IFERROR(VALUE(LEFT(LOWER(LEFT($A88,FIND("|",$A88)-1)),2)),IFERROR(VALUE(LEFT(LOWER(LEFT($A88,FIND("|",$A88)-1)),1)),-1)))>=0,TEXT(IFERROR(VALUE(LEFT(LOWER(LEFT($A88,FIND("|",$A88)-1)),3)),IFERROR(VALUE(LEFT(LOWER(LEFT($A88,FIND("|",$A88)-1)),2)),IFERROR(VALUE(LEFT(LOWER(LEFT($A88,FIND("|",$A88)-1)),1)),-1))),"000000")&MID(LOWER(LEFT($A88,FIND("|",$A88)-1)),LEN(TEXT(IFERROR(VALUE(LEFT(LOWER(LEFT($A88,FIND("|",$A88)-1)),3)),IFERROR(VALUE(LEFT(LOWER(LEFT($A88,FIND("|",$A88)-1)),2)),IFERROR(VALUE(LEFT(LOWER(LEFT($A88,FIND("|",$A88)-1)),1)),-1))),"0"))+1,99),LOWER(LEFT($A88,FIND("|",$A88)-1)))&CHAR(9)&TEXT(IF(SUBSTITUTE(MID($A88,FIND("|",$A88)+1,50),"'","")="",0,IFERROR(VALUE(SUBSTITUTE(MID($A88,FIND("|",$A88)+1,50),"'","")),999999)),"000000")&CHAR(9)&TEXT($B88,"0000")) | E88: =IF($D88="","",SUMPRODUCT(($D$5:$D$364<>"")*($D$5:$D$364<$D88))+1)
A89: {=IF(N(INDIRECT("'Pull Sheet'!I31"))>0,INDIRECT("'Pull Sheet'!G31")&"|"&INDIRECT("'Pull Sheet'!H31"),"")} | B89: =IF(AND($A89<>"",COUNTIF($A$5:$A89,$A89)=1),MAX($B$4:$B88)+1,"") | C89: {=IF($A89="","",N(INDIRECT("'Pull Sheet'!I31")))} | D89: =IF($B89="","",IF(IFERROR(VALUE(LEFT(LOWER(LEFT($A89,FIND("|",$A89)-1)),3)),IFERROR(VALUE(LEFT(LOWER(LEFT($A89,FIND("|",$A89)-1)),2)),IFERROR(VALUE(LEFT(LOWER(LEFT($A89,FIND("|",$A89)-1)),1)),-1)))>=0,TEXT(IFERROR(VALUE(LEFT(LOWER(LEFT($A89,FIND("|",$A89)-1)),3)),IFERROR(VALUE(LEFT(LOWER(LEFT($A89,FIND("|",$A89)-1)),2)),IFERROR(VALUE(LEFT(LOWER(LEFT($A89,FIND("|",$A89)-1)),1)),-1))),"000000")&MID(LOWER(LEFT($A89,FIND("|",$A89)-1)),LEN(TEXT(IFERROR(VALUE(LEFT(LOWER(LEFT($A89,FIND("|",$A89)-1)),3)),IFERROR(VALUE(LEFT(LOWER(LEFT($A89,FIND("|",$A89)-1)),2)),IFERROR(VALUE(LEFT(LOWER(LEFT($A89,FIND("|",$A89)-1)),1)),-1))),"0"))+1,99),LOWER(LEFT($A89,FIND("|",$A89)-1)))&CHAR(9)&TEXT(IF(SUBSTITUTE(MID($A89,FIND("|",$A89)+1,50),"'","")="",0,IFERROR(VALUE(SUBSTITUTE(MID($A89,FIND("|",$A89)+1,50),"'","")),999999)),"000000")&CHAR(9)&TEXT($B89,"0000")) | E89: =IF($D89="","",SUMPRODUCT(($D$5:$D$364<>"")*($D$5:$D$364<$D89))+1)
A90: {=IF(N(INDIRECT("'Pull Sheet'!I32"))>0,INDIRECT("'Pull Sheet'!G32")&"|"&INDIRECT("'Pull Sheet'!H32"),"")} | B90: =IF(AND($A90<>"",COUNTIF($A$5:$A90,$A90)=1),MAX($B$4:$B89)+1,"") | C90: {=IF($A90="","",N(INDIRECT("'Pull Sheet'!I32")))} | D90: =IF($B90="","",IF(IFERROR(VALUE(LEFT(LOWER(LEFT($A90,FIND("|",$A90)-1)),3)),IFERROR(VALUE(LEFT(LOWER(LEFT($A90,FIND("|",$A90)-1)),2)),IFERROR(VALUE(LEFT(LOWER(LEFT($A90,FIND("|",$A90)-1)),1)),-1)))>=0,TEXT(IFERROR(VALUE(LEFT(LOWER(LEFT($A90,FIND("|",$A90)-1)),3)),IFERROR(VALUE(LEFT(LOWER(LEFT($A90,FIND("|",$A90)-1)),2)),IFERROR(VALUE(LEFT(LOWER(LEFT($A90,FIND("|",$A90)-1)),1)),-1))),"000000")&MID(LOWER(LEFT($A90,FIND("|",$A90)-1)),LEN(TEXT(IFERROR(VALUE(LEFT(LOWER(LEFT($A90,FIND("|",$A90)-1)),3)),IFERROR(VALUE(LEFT(LOWER(LEFT($A90,FIND("|",$A90)-1)),2)),IFERROR(VALUE(LEFT(LOWER(LEFT($A90,FIND("|",$A90)-1)),1)),-1))),"0"))+1,99),LOWER(LEFT($A90,FIND("|",$A90)-1)))&CHAR(9)&TEXT(IF(SUBSTITUTE(MID($A90,FIND("|",$A90)+1,50),"'","")="",0,IFERROR(VALUE(SUBSTITUTE(MID($A90,FIND("|",$A90)+1,50),"'","")),999999)),"000000")&CHAR(9)&TEXT($B90,"0000")) | E90: =IF($D90="","",SUMPRODUCT(($D$5:$D$364<>"")*($D$5:$D$364<$D90))+1)
A91: {=IF(N(INDIRECT("'Pull Sheet'!I33"))>0,INDIRECT("'Pull Sheet'!G33")&"|"&INDIRECT("'Pull Sheet'!H33"),"")} | B91: =IF(AND($A91<>"",COUNTIF($A$5:$A91,$A91)=1),MAX($B$4:$B90)+1,"") | C91: {=IF($A91="","",N(INDIRECT("'Pull Sheet'!I33")))} | D91: =IF($B91="","",IF(IFERROR(VALUE(LEFT(LOWER(LEFT($A91,FIND("|",$A91)-1)),3)),IFERROR(VALUE(LEFT(LOWER(LEFT($A91,FIND("|",$A91)-1)),2)),IFERROR(VALUE(LEFT(LOWER(LEFT($A91,FIND("|",$A91)-1)),1)),-1)))>=0,TEXT(IFERROR(VALUE(LEFT(LOWER(LEFT($A91,FIND("|",$A91)-1)),3)),IFERROR(VALUE(LEFT(LOWER(LEFT($A91,FIND("|",$A91)-1)),2)),IFERROR(VALUE(LEFT(LOWER(LEFT($A91,FIND("|",$A91)-1)),1)),-1))),"000000")&MID(LOWER(LEFT($A91,FIND("|",$A91)-1)),LEN(TEXT(IFERROR(VALUE(LEFT(LOWER(LEFT($A91,FIND("|",$A91)-1)),3)),IFERROR(VALUE(LEFT(LOWER(LEFT($A91,FIND("|",$A91)-1)),2)),IFERROR(VALUE(LEFT(LOWER(LEFT($A91,FIND("|",$A91)-1)),1)),-1))),"0"))+1,99),LOWER(LEFT($A91,FIND("|",$A91)-1)))&CHAR(9)&TEXT(IF(SUBSTITUTE(MID($A91,FIND("|",$A91)+1,50),"'","")="",0,IFERROR(VALUE(SUBSTITUTE(MID($A91,FIND("|",$A91)+1,50),"'","")),999999)),"000000")&CHAR(9)&TEXT($B91,"0000")) | E91: =IF($D91="","",SUMPRODUCT(($D$5:$D$364<>"")*($D$5:$D$364<$D91))+1)
A92: {=IF(N(INDIRECT("'Pull Sheet'!I34"))>0,INDIRECT("'Pull Sheet'!G34")&"|"&INDIRECT("'Pull Sheet'!H34"),"")} | B92: =IF(AND($A92<>"",COUNTIF($A$5:$A92,$A92)=1),MAX($B$4:$B91)+1,"") | C92: {=IF($A92="","",N(INDIRECT("'Pull Sheet'!I34")))} | D92: =IF($B92="","",IF(IFERROR(VALUE(LEFT(LOWER(LEFT($A92,FIND("|",$A92)-1)),3)),IFERROR(VALUE(LEFT(LOWER(LEFT($A92,FIND("|",$A92)-1)),2)),IFERROR(VALUE(LEFT(LOWER(LEFT($A92,FIND("|",$A92)-1)),1)),-1)))>=0,TEXT(IFERROR(VALUE(LEFT(LOWER(LEFT($A92,FIND("|",$A92)-1)),3)),IFERROR(VALUE(LEFT(LOWER(LEFT($A92,FIND("|",$A92)-1)),2)),IFERROR(VALUE(LEFT(LOWER(LEFT($A92,FIND("|",$A92)-1)),1)),-1))),"000000")&MID(LOWER(LEFT($A92,FIND("|",$A92)-1)),LEN(TEXT(IFERROR(VALUE(LEFT(LOWER(LEFT($A92,FIND("|",$A92)-1)),3)),IFERROR(VALUE(LEFT(LOWER(LEFT($A92,FIND("|",$A92)-1)),2)),IFERROR(VALUE(LEFT(LOWER(LEFT($A92,FIND("|",$A92)-1)),1)),-1))),"0"))+1,99),LOWER(LEFT($A92,FIND("|",$A92)-1)))&CHAR(9)&TEXT(IF(SUBSTITUTE(MID($A92,FIND("|",$A92)+1,50),"'","")="",0,IFERROR(VALUE(SUBSTITUTE(MID($A92,FIND("|",$A92)+1,50),"'","")),999999)),"000000")&CHAR(9)&TEXT($B92,"0000")) | E92: =IF($D92="","",SUMPRODUCT(($D$5:$D$364<>"")*($D$5:$D$364<$D92))+1)
A93: {=IF(N(INDIRECT("'Pull Sheet'!I35"))>0,INDIRECT("'Pull Sheet'!G35")&"|"&INDIRECT("'Pull Sheet'!H35"),"")} | B93: =IF(AND($A93<>"",COUNTIF($A$5:$A93,$A93)=1),MAX($B$4:$B92)+1,"") | C93: {=IF($A93="","",N(INDIRECT("'Pull Sheet'!I35")))} | D93: =IF($B93="","",IF(IFERROR(VALUE(LEFT(LOWER(LEFT($A93,FIND("|",$A93)-1)),3)),IFERROR(VALUE(LEFT(LOWER(LEFT($A93,FIND("|",$A93)-1)),2)),IFERROR(VALUE(LEFT(LOWER(LEFT($A93,FIND("|",$A93)-1)),1)),-1)))>=0,TEXT(IFERROR(VALUE(LEFT(LOWER(LEFT($A93,FIND("|",$A93)-1)),3)),IFERROR(VALUE(LEFT(LOWER(LEFT($A93,FIND("|",$A93)-1)),2)),IFERROR(VALUE(LEFT(LOWER(LEFT($A93,FIND("|",$A93)-1)),1)),-1))),"000000")&MID(LOWER(LEFT($A93,FIND("|",$A93)-1)),LEN(TEXT(IFERROR(VALUE(LEFT(LOWER(LEFT($A93,FIND("|",$A93)-1)),3)),IFERROR(VALUE(LEFT(LOWER(LEFT($A93,FIND("|",$A93)-1)),2)),IFERROR(VALUE(LEFT(LOWER(LEFT($A93,FIND("|",$A93)-1)),1)),-1))),"0"))+1,99),LOWER(LEFT($A93,FIND("|",$A93)-1)))&CHAR(9)&TEXT(IF(SUBSTITUTE(MID($A93,FIND("|",$A93)+1,50),"'","")="",0,IFERROR(VALUE(SUBSTITUTE(MID($A93,FIND("|",$A93)+1,50),"'","")),999999)),"000000")&CHAR(9)&TEXT($B93,"0000")) | E93: =IF($D93="","",SUMPRODUCT(($D$5:$D$364<>"")*($D$5:$D$364<$D93))+1)
A94: {=IF(N(INDIRECT("'Pull Sheet'!I36"))>0,INDIRECT("'Pull Sheet'!G36")&"|"&INDIRECT("'Pull Sheet'!H36"),"")} | B94: =IF(AND($A94<>"",COUNTIF($A$5:$A94,$A94)=1),MAX($B$4:$B93)+1,"") | C94: {=IF($A94="","",N(INDIRECT("'Pull Sheet'!I36")))} | D94: =IF($B94="","",IF(IFERROR(VALUE(LEFT(LOWER(LEFT($A94,FIND("|",$A94)-1)),3)),IFERROR(VALUE(LEFT(LOWER(LEFT($A94,FIND("|",$A94)-1)),2)),IFERROR(VALUE(LEFT(LOWER(LEFT($A94,FIND("|",$A94)-1)),1)),-1)))>=0,TEXT(IFERROR(VALUE(LEFT(LOWER(LEFT($A94,FIND("|",$A94)-1)),3)),IFERROR(VALUE(LEFT(LOWER(LEFT($A94,FIND("|",$A94)-1)),2)),IFERROR(VALUE(LEFT(LOWER(LEFT($A94,FIND("|",$A94)-1)),1)),-1))),"000000")&MID(LOWER(LEFT($A94,FIND("|",$A94)-1)),LEN(TEXT(IFERROR(VALUE(LEFT(LOWER(LEFT($A94,FIND("|",$A94)-1)),3)),IFERROR(VALUE(LEFT(LOWER(LEFT($A94,FIND("|",$A94)-1)),2)),IFERROR(VALUE(LEFT(LOWER(LEFT($A94,FIND("|",$A94)-1)),1)),-1))),"0"))+1,99),LOWER(LEFT($A94,FIND("|",$A94)-1)))&CHAR(9)&TEXT(IF(SUBSTITUTE(MID($A94,FIND("|",$A94)+1,50),"'","")="",0,IFERROR(VALUE(SUBSTITUTE(MID($A94,FIND("|",$A94)+1,50),"'","")),999999)),"000000")&CHAR(9)&TEXT($B94,"0000")) | E94: =IF($D94="","",SUMPRODUCT(($D$5:$D$364<>"")*($D$5:$D$364<$D94))+1)
A95: {=IF(N(INDIRECT("'Pull Sheet'!I37"))>0,INDIRECT("'Pull Sheet'!G37")&"|"&INDIRECT("'Pull Sheet'!H37"),"")} | B95: =IF(AND($A95<>"",COUNTIF($A$5:$A95,$A95)=1),MAX($B$4:$B94)+1,"") | C95: {=IF($A95="","",N(INDIRECT("'Pull Sheet'!I37")))} | D95: =IF($B95="","",IF(IFERROR(VALUE(LEFT(LOWER(LEFT($A95,FIND("|",$A95)-1)),3)),IFERROR(VALUE(LEFT(LOWER(LEFT($A95,FIND("|",$A95)-1)),2)),IFERROR(VALUE(LEFT(LOWER(LEFT($A95,FIND("|",$A95)-1)),1)),-1)))>=0,TEXT(IFERROR(VALUE(LEFT(LOWER(LEFT($A95,FIND("|",$A95)-1)),3)),IFERROR(VALUE(LEFT(LOWER(LEFT($A95,FIND("|",$A95)-1)),2)),IFERROR(VALUE(LEFT(LOWER(LEFT($A95,FIND("|",$A95)-1)),1)),-1))),"000000")&MID(LOWER(LEFT($A95,FIND("|",$A95)-1)),LEN(TEXT(IFERROR(VALUE(LEFT(LOWER(LEFT($A95,FIND("|",$A95)-1)),3)),IFERROR(VALUE(LEFT(LOWER(LEFT($A95,FIND("|",$A95)-1)),2)),IFERROR(VALUE(LEFT(LOWER(LEFT($A95,FIND("|",$A95)-1)),1)),-1))),"0"))+1,99),LOWER(LEFT($A95,FIND("|",$A95)-1)))&CHAR(9)&TEXT(IF(SUBSTITUTE(MID($A95,FIND("|",$A95)+1,50),"'","")="",0,IFERROR(VALUE(SUBSTITUTE(MID($A95,FIND("|",$A95)+1,50),"'","")),999999)),"000000")&CHAR(9)&TEXT($B95,"0000")) | E95: =IF($D95="","",SUMPRODUCT(($D$5:$D$364<>"")*($D$5:$D$364<$D95))+1)
A96: {=IF(N(INDIRECT("'Pull Sheet'!I38"))>0,INDIRECT("'Pull Sheet'!G38")&"|"&INDIRECT("'Pull Sheet'!H38"),"")} | B96: =IF(AND($A96<>"",COUNTIF($A$5:$A96,$A96)=1),MAX($B$4:$B95)+1,"") | C96: {=IF($A96="","",N(INDIRECT("'Pull Sheet'!I38")))} | D96: =IF($B96="","",IF(IFERROR(VALUE(LEFT(LOWER(LEFT($A96,FIND("|",$A96)-1)),3)),IFERROR(VALUE(LEFT(LOWER(LEFT($A96,FIND("|",$A96)-1)),2)),IFERROR(VALUE(LEFT(LOWER(LEFT($A96,FIND("|",$A96)-1)),1)),-1)))>=0,TEXT(IFERROR(VALUE(LEFT(LOWER(LEFT($A96,FIND("|",$A96)-1)),3)),IFERROR(VALUE(LEFT(LOWER(LEFT($A96,FIND("|",$A96)-1)),2)),IFERROR(VALUE(LEFT(LOWER(LEFT($A96,FIND("|",$A96)-1)),1)),-1))),"000000")&MID(LOWER(LEFT($A96,FIND("|",$A96)-1)),LEN(TEXT(IFERROR(VALUE(LEFT(LOWER(LEFT($A96,FIND("|",$A96)-1)),3)),IFERROR(VALUE(LEFT(LOWER(LEFT($A96,FIND("|",$A96)-1)),2)),IFERROR(VALUE(LEFT(LOWER(LEFT($A96,FIND("|",$A96)-1)),1)),-1))),"0"))+1,99),LOWER(LEFT($A96,FIND("|",$A96)-1)))&CHAR(9)&TEXT(IF(SUBSTITUTE(MID($A96,FIND("|",$A96)+1,50),"'","")="",0,IFERROR(VALUE(SUBSTITUTE(MID($A96,FIND("|",$A96)+1,50),"'","")),999999)),"000000")&CHAR(9)&TEXT($B96,"0000")) | E96: =IF($D96="","",SUMPRODUCT(($D$5:$D$364<>"")*($D$5:$D$364<$D96))+1)
A97: {=IF(N(INDIRECT("'Pull Sheet'!I39"))>0,INDIRECT("'Pull Sheet'!G39")&"|"&INDIRECT("'Pull Sheet'!H39"),"")} | B97: =IF(AND($A97<>"",COUNTIF($A$5:$A97,$A97)=1),MAX($B$4:$B96)+1,"") | C97: {=IF($A97="","",N(INDIRECT("'Pull Sheet'!I39")))} | D97: =IF($B97="","",IF(IFERROR(VALUE(LEFT(LOWER(LEFT($A97,FIND("|",$A97)-1)),3)),IFERROR(VALUE(LEFT(LOWER(LEFT($A97,FIND("|",$A97)-1)),2)),IFERROR(VALUE(LEFT(LOWER(LEFT($A97,FIND("|",$A97)-1)),1)),-1)))>=0,TEXT(IFERROR(VALUE(LEFT(LOWER(LEFT($A97,FIND("|",$A97)-1)),3)),IFERROR(VALUE(LEFT(LOWER(LEFT($A97,FIND("|",$A97)-1)),2)),IFERROR(VALUE(LEFT(LOWER(LEFT($A97,FIND("|",$A97)-1)),1)),-1))),"000000")&MID(LOWER(LEFT($A97,FIND("|",$A97)-1)),LEN(TEXT(IFERROR(VALUE(LEFT(LOWER(LEFT($A97,FIND("|",$A97)-1)),3)),IFERROR(VALUE(LEFT(LOWER(LEFT($A97,FIND("|",$A97)-1)),2)),IFERROR(VALUE(LEFT(LOWER(LEFT($A97,FIND("|",$A97)-1)),1)),-1))),"0"))+1,99),LOWER(LEFT($A97,FIND("|",$A97)-1)))&CHAR(9)&TEXT(IF(SUBSTITUTE(MID($A97,FIND("|",$A97)+1,50),"'","")="",0,IFERROR(VALUE(SUBSTITUTE(MID($A97,FIND("|",$A97)+1,50),"'","")),999999)),"000000")&CHAR(9)&TEXT($B97,"0000")) | E97: =IF($D97="","",SUMPRODUCT(($D$5:$D$364<>"")*($D$5:$D$364<$D97))+1)
A98: {=IF(N(INDIRECT("'Pull Sheet'!I40"))>0,INDIRECT("'Pull Sheet'!G40")&"|"&INDIRECT("'Pull Sheet'!H40"),"")} | B98: =IF(AND($A98<>"",COUNTIF($A$5:$A98,$A98)=1),MAX($B$4:$B97)+1,"") | C98: {=IF($A98="","",N(INDIRECT("'Pull Sheet'!I40")))} | D98: =IF($B98="","",IF(IFERROR(VALUE(LEFT(LOWER(LEFT($A98,FIND("|",$A98)-1)),3)),IFERROR(VALUE(LEFT(LOWER(LEFT($A98,FIND("|",$A98)-1)),2)),IFERROR(VALUE(LEFT(LOWER(LEFT($A98,FIND("|",$A98)-1)),1)),-1)))>=0,TEXT(IFERROR(VALUE(LEFT(LOWER(LEFT($A98,FIND("|",$A98)-1)),3)),IFERROR(VALUE(LEFT(LOWER(LEFT($A98,FIND("|",$A98)-1)),2)),IFERROR(VALUE(LEFT(LOWER(LEFT($A98,FIND("|",$A98)-1)),1)),-1))),"000000")&MID(LOWER(LEFT($A98,FIND("|",$A98)-1)),LEN(TEXT(IFERROR(VALUE(LEFT(LOWER(LEFT($A98,FIND("|",$A98)-1)),3)),IFERROR(VALUE(LEFT(LOWER(LEFT($A98,FIND("|",$A98)-1)),2)),IFERROR(VALUE(LEFT(LOWER(LEFT($A98,FIND("|",$A98)-1)),1)),-1))),"0"))+1,99),LOWER(LEFT($A98,FIND("|",$A98)-1)))&CHAR(9)&TEXT(IF(SUBSTITUTE(MID($A98,FIND("|",$A98)+1,50),"'","")="",0,IFERROR(VALUE(SUBSTITUTE(MID($A98,FIND("|",$A98)+1,50),"'","")),999999)),"000000")&CHAR(9)&TEXT($B98,"0000")) | E98: =IF($D98="","",SUMPRODUCT(($D$5:$D$364<>"")*($D$5:$D$364<$D98))+1)
A99: {=IF(N(INDIRECT("'Pull Sheet'!I41"))>0,INDIRECT("'Pull Sheet'!G41")&"|"&INDIRECT("'Pull Sheet'!H41"),"")} | B99: =IF(AND($A99<>"",COUNTIF($A$5:$A99,$A99)=1),MAX($B$4:$B98)+1,"") | C99: {=IF($A99="","",N(INDIRECT("'Pull Sheet'!I41")))} | D99: =IF($B99="","",IF(IFERROR(VALUE(LEFT(LOWER(LEFT($A99,FIND("|",$A99)-1)),3)),IFERROR(VALUE(LEFT(LOWER(LEFT($A99,FIND("|",$A99)-1)),2)),IFERROR(VALUE(LEFT(LOWER(LEFT($A99,FIND("|",$A99)-1)),1)),-1)))>=0,TEXT(IFERROR(VALUE(LEFT(LOWER(LEFT($A99,FIND("|",$A99)-1)),3)),IFERROR(VALUE(LEFT(LOWER(LEFT($A99,FIND("|",$A99)-1)),2)),IFERROR(VALUE(LEFT(LOWER(LEFT($A99,FIND("|",$A99)-1)),1)),-1))),"000000")&MID(LOWER(LEFT($A99,FIND("|",$A99)-1)),LEN(TEXT(IFERROR(VALUE(LEFT(LOWER(LEFT($A99,FIND("|",$A99)-1)),3)),IFERROR(VALUE(LEFT(LOWER(LEFT($A99,FIND("|",$A99)-1)),2)),IFERROR(VALUE(LEFT(LOWER(LEFT($A99,FIND("|",$A99)-1)),1)),-1))),"0"))+1,99),LOWER(LEFT($A99,FIND("|",$A99)-1)))&CHAR(9)&TEXT(IF(SUBSTITUTE(MID($A99,FIND("|",$A99)+1,50),"'","")="",0,IFERROR(VALUE(SUBSTITUTE(MID($A99,FIND("|",$A99)+1,50),"'","")),999999)),"000000")&CHAR(9)&TEXT($B99,"0000")) | E99: =IF($D99="","",SUMPRODUCT(($D$5:$D$364<>"")*($D$5:$D$364<$D99))+1)
A100: {=IF(N(INDIRECT("'Pull Sheet'!I42"))>0,INDIRECT("'Pull Sheet'!G42")&"|"&INDIRECT("'Pull Sheet'!H42"),"")} | B100: =IF(AND($A100<>"",COUNTIF($A$5:$A100,$A100)=1),MAX($B$4:$B99)+1,"") | C100: {=IF($A100="","",N(INDIRECT("'Pull Sheet'!I42")))} | D100: =IF($B100="","",IF(IFERROR(VALUE(LEFT(LOWER(LEFT($A100,FIND("|",$A100)-1)),3)),IFERROR(VALUE(LEFT(LOWER(LEFT($A100,FIND("|",$A100)-1)),2)),IFERROR(VALUE(LEFT(LOWER(LEFT($A100,FIND("|",$A100)-1)),1)),-1)))>=0,TEXT(IFERROR(VALUE(LEFT(LOWER(LEFT($A100,FIND("|",$A100)-1)),3)),IFERROR(VALUE(LEFT(LOWER(LEFT($A100,FIND("|",$A100)-1)),2)),IFERROR(VALUE(LEFT(LOWER(LEFT($A100,FIND("|",$A100)-1)),1)),-1))),"000000")&MID(LOWER(LEFT($A100,FIND("|",$A100)-1)),LEN(TEXT(IFERROR(VALUE(LEFT(LOWER(LEFT($A100,FIND("|",$A100)-1)),3)),IFERROR(VALUE(LEFT(LOWER(LEFT($A100,FIND("|",$A100)-1)),2)),IFERROR(VALUE(LEFT(LOWER(LEFT($A100,FIND("|",$A100)-1)),1)),-1))),"0"))+1,99),LOWER(LEFT($A100,FIND("|",$A100)-1)))&CHAR(9)&TEXT(IF(SUBSTITUTE(MID($A100,FIND("|",$A100)+1,50),"'","")="",0,IFERROR(VALUE(SUBSTITUTE(MID($A100,FIND("|",$A100)+1,50),"'","")),999999)),"000000")&CHAR(9)&TEXT($B100,"0000")) | E100: =IF($D100="","",SUMPRODUCT(($D$5:$D$364<>"")*($D$5:$D$364<$D100))+1)
A101: {=IF(N(INDIRECT("'Pull Sheet'!I43"))>0,INDIRECT("'Pull Sheet'!G43")&"|"&INDIRECT("'Pull Sheet'!H43"),"")} | B101: =IF(AND($A101<>"",COUNTIF($A$5:$A101,$A101)=1),MAX($B$4:$B100)+1,"") | C101: {=IF($A101="","",N(INDIRECT("'Pull Sheet'!I43")))} | D101: =IF($B101="","",IF(IFERROR(VALUE(LEFT(LOWER(LEFT($A101,FIND("|",$A101)-1)),3)),IFERROR(VALUE(LEFT(LOWER(LEFT($A101,FIND("|",$A101)-1)),2)),IFERROR(VALUE(LEFT(LOWER(LEFT($A101,FIND("|",$A101)-1)),1)),-1)))>=0,TEXT(IFERROR(VALUE(LEFT(LOWER(LEFT($A101,FIND("|",$A101)-1)),3)),IFERROR(VALUE(LEFT(LOWER(LEFT($A101,FIND("|",$A101)-1)),2)),IFERROR(VALUE(LEFT(LOWER(LEFT($A101,FIND("|",$A101)-1)),1)),-1))),"000000")&MID(LOWER(LEFT($A101,FIND("|",$A101)-1)),LEN(TEXT(IFERROR(VALUE(LEFT(LOWER(LEFT($A101,FIND("|",$A101)-1)),3)),IFERROR(VALUE(LEFT(LOWER(LEFT($A101,FIND("|",$A101)-1)),2)),IFERROR(VALUE(LEFT(LOWER(LEFT($A101,FIND("|",$A101)-1)),1)),-1))),"0"))+1,99),LOWER(LEFT($A101,FIND("|",$A101)-1)))&CHAR(9)&TEXT(IF(SUBSTITUTE(MID($A101,FIND("|",$A101)+1,50),"'","")="",0,IFERROR(VALUE(SUBSTITUTE(MID($A101,FIND("|",$A101)+1,50),"'","")),999999)),"000000")&CHAR(9)&TEXT($B101,"0000")) | E101: =IF($D101="","",SUMPRODUCT(($D$5:$D$364<>"")*($D$5:$D$364<$D101))+1)
A102: {=IF(N(INDIRECT("'Pull Sheet'!I44"))>0,INDIRECT("'Pull Sheet'!G44")&"|"&INDIRECT("'Pull Sheet'!H44"),"")} | B102: =IF(AND($A102<>"",COUNTIF($A$5:$A102,$A102)=1),MAX($B$4:$B101)+1,"") | C102: {=IF($A102="","",N(INDIRECT("'Pull Sheet'!I44")))} | D102: =IF($B102="","",IF(IFERROR(VALUE(LEFT(LOWER(LEFT($A102,FIND("|",$A102)-1)),3)),IFERROR(VALUE(LEFT(LOWER(LEFT($A102,FIND("|",$A102)-1)),2)),IFERROR(VALUE(LEFT(LOWER(LEFT($A102,FIND("|",$A102)-1)),1)),-1)))>=0,TEXT(IFERROR(VALUE(LEFT(LOWER(LEFT($A102,FIND("|",$A102)-1)),3)),IFERROR(VALUE(LEFT(LOWER(LEFT($A102,FIND("|",$A102)-1)),2)),IFERROR(VALUE(LEFT(LOWER(LEFT($A102,FIND("|",$A102)-1)),1)),-1))),"000000")&MID(LOWER(LEFT($A102,FIND("|",$A102)-1)),LEN(TEXT(IFERROR(VALUE(LEFT(LOWER(LEFT($A102,FIND("|",$A102)-1)),3)),IFERROR(VALUE(LEFT(LOWER(LEFT($A102,FIND("|",$A102)-1)),2)),IFERROR(VALUE(LEFT(LOWER(LEFT($A102,FIND("|",$A102)-1)),1)),-1))),"0"))+1,99),LOWER(LEFT($A102,FIND("|",$A102)-1)))&CHAR(9)&TEXT(IF(SUBSTITUTE(MID($A102,FIND("|",$A102)+1,50),"'","")="",0,IFERROR(VALUE(SUBSTITUTE(MID($A102,FIND("|",$A102)+1,50),"'","")),999999)),"000000")&CHAR(9)&TEXT($B102,"0000")) | E102: =IF($D102="","",SUMPRODUCT(($D$5:$D$364<>"")*($D$5:$D$364<$D102))+1)
A103: {=IF(N(INDIRECT("'Pull Sheet'!I45"))>0,INDIRECT("'Pull Sheet'!G45")&"|"&INDIRECT("'Pull Sheet'!H45"),"")} | B103: =IF(AND($A103<>"",COUNTIF($A$5:$A103,$A103)=1),MAX($B$4:$B102)+1,"") | C103: {=IF($A103="","",N(INDIRECT("'Pull Sheet'!I45")))} | D103: =IF($B103="","",IF(IFERROR(VALUE(LEFT(LOWER(LEFT($A103,FIND("|",$A103)-1)),3)),IFERROR(VALUE(LEFT(LOWER(LEFT($A103,FIND("|",$A103)-1)),2)),IFERROR(VALUE(LEFT(LOWER(LEFT($A103,FIND("|",$A103)-1)),1)),-1)))>=0,TEXT(IFERROR(VALUE(LEFT(LOWER(LEFT($A103,FIND("|",$A103)-1)),3)),IFERROR(VALUE(LEFT(LOWER(LEFT($A103,FIND("|",$A103)-1)),2)),IFERROR(VALUE(LEFT(LOWER(LEFT($A103,FIND("|",$A103)-1)),1)),-1))),"000000")&MID(LOWER(LEFT($A103,FIND("|",$A103)-1)),LEN(TEXT(IFERROR(VALUE(LEFT(LOWER(LEFT($A103,FIND("|",$A103)-1)),3)),IFERROR(VALUE(LEFT(LOWER(LEFT($A103,FIND("|",$A103)-1)),2)),IFERROR(VALUE(LEFT(LOWER(LEFT($A103,FIND("|",$A103)-1)),1)),-1))),"0"))+1,99),LOWER(LEFT($A103,FIND("|",$A103)-1)))&CHAR(9)&TEXT(IF(SUBSTITUTE(MID($A103,FIND("|",$A103)+1,50),"'","")="",0,IFERROR(VALUE(SUBSTITUTE(MID($A103,FIND("|",$A103)+1,50),"'","")),999999)),"000000")&CHAR(9)&TEXT($B103,"0000")) | E103: =IF($D103="","",SUMPRODUCT(($D$5:$D$364<>"")*($D$5:$D$364<$D103))+1)
...
